name,LCD,PLD,density g/cm3,VSA_m2/cm3,GSA_m^2/g,Vp_cm3/g,void_fraction,u(mol/s),time(s),K,P_ads,P_desor,CH4,CO2,H_m,D_m,CH4_MTC,CO2_MTC,Purity,Recovery
Cu-BTC,6.24099,1.09012,0.879,0,0,0.23991,0.39891,2.00E-05,200,278,1,0.2,0.5,0.5,0.05,0.01,0.01,0.005,0.72355163,0.92238
Cu-BTC,6.24099,1.09012,0.879,0,0,0.23991,0.39891,2.00E-05,200,278,1,0.2,0.5,0.5,0.05,0.01,0.01,0.01,0.549477221,0.98932
Cu-BTC,6.24099,1.09012,0.879,0,0,0.23991,0.39891,2.00E-05,200,278,1,0.2,0.5,0.5,0.05,0.01,0.01,0.02,0.543137977,0.98856
Cu-BTC,6.24099,1.09012,0.879,0,0,0.23991,0.39891,2.00E-05,200,278,1,0.2,0.5,0.5,0.15,0.01,0.01,0.005,0.253203422,0.994145
Cu-BTC,6.24099,1.09012,0.879,0,0,0.23991,0.39891,2.00E-05,200,278,1,0.2,0.5,0.5,0.15,0.01,0.01,0.01,0.250681458,0.987245
Cu-BTC,6.24099,1.09012,0.879,0,0,0.23991,0.39891,2.00E-05,200,278,1,0.2,0.5,0.5,0.15,0.01,0.01,0.02,0.250590421,0.98414
Cu-BTC,6.24099,1.09012,0.879,0,0,0.23991,0.39891,2.00E-05,200,278,1,0.2,0.5,0.5,0.3,0.01,0.01,0.005,0.134273783,0.99515
Cu-BTC,6.24099,1.09012,0.879,0,0,0.23991,0.39891,2.00E-05,200,278,1,0.2,0.5,0.5,0.3,0.01,0.01,0.01,0.13293631,0.98463
Cu-BTC,6.24099,1.09012,0.879,0,0,0.23991,0.39891,2.00E-05,200,278,1,0.2,0.5,0.5,0.3,0.01,0.01,0.02,0.130584445,0.97875
Cu-BTC,6.24099,1.09012,0.879,0,0,0.23991,0.39891,2.00E-05,200,278,1,0.2,0.7,0.3,0.05,0.01,0.01,0.005,0.415525644,0.984016667
Cu-BTC,6.24099,1.09012,0.879,0,0,0.23991,0.39891,2.00E-05,200,278,1,0.2,0.7,0.3,0.05,0.01,0.01,0.01,0.405515497,0.988883333
Cu-BTC,6.24099,1.09012,0.879,0,0,0.23991,0.39891,2.00E-05,200,278,1,0.2,0.7,0.3,0.05,0.01,0.01,0.02,0.401143299,0.989321667
Cu-BTC,6.24099,1.09012,0.879,0,0,0.23991,0.39891,2.00E-05,200,278,1,0.2,0.7,0.3,0.15,0.01,0.01,0.005,0.166881909,0.992841667
Cu-BTC,6.24099,1.09012,0.879,0,0,0.23991,0.39891,2.00E-05,200,278,1,0.2,0.7,0.3,0.15,0.01,0.01,0.01,0.165259058,0.987825
Cu-BTC,6.24099,1.09012,0.879,0,0,0.23991,0.39891,2.00E-05,200,278,1,0.2,0.7,0.3,0.15,0.01,0.01,0.02,0.164993821,0.985758333
Cu-BTC,6.24099,1.09012,0.879,0,0,0.23991,0.39891,2.00E-05,200,278,1,0.2,0.7,0.3,0.3,0.01,0.01,0.005,0.08555288,0.993208333
Cu-BTC,6.24099,1.09012,0.879,0,0,0.23991,0.39891,2.00E-05,200,278,1,0.2,0.7,0.3,0.3,0.01,0.01,0.01,0.084861017,0.985258333
Cu-BTC,6.24099,1.09012,0.879,0,0,0.23991,0.39891,2.00E-05,200,278,1,0.2,0.7,0.3,0.3,0.01,0.01,0.02,0.084672997,0.981208333
Cu-BTC,6.24099,1.09012,0.879,0,0,0.23991,0.39891,2.00E-05,200,278,1,0.2,0.85,0.15,0.05,0.01,0.01,0.005,0.246254417,0.979741667
Cu-BTC,6.24099,1.09012,0.879,0,0,0.23991,0.39891,2.00E-05,200,278,1,0.2,0.85,0.15,0.05,0.01,0.01,0.01,0.243446366,0.988615
Cu-BTC,6.24099,1.09012,0.879,0,0,0.23991,0.39891,2.00E-05,200,278,1,0.2,0.85,0.15,0.05,0.01,0.01,0.02,0.242488732,0.989403333
Cu-BTC,6.24099,1.09012,0.879,0,0,0.23991,0.39891,2.00E-05,200,278,1,0.2,0.85,0.15,0.15,0.01,0.01,0.005,0.089759518,0.992216667
Cu-BTC,6.24099,1.09012,0.879,0,0,0.23991,0.39891,2.00E-05,200,278,1,0.2,0.85,0.15,0.15,0.01,0.01,0.01,0.08908444,0.988216667
Cu-BTC,6.24099,1.09012,0.879,0,0,0.23991,0.39891,2.00E-05,200,278,1,0.2,0.85,0.15,0.15,0.01,0.01,0.02,0.088969133,0.986645
Cu-BTC,6.24099,1.09012,0.879,0,0,0.23991,0.39891,2.00E-05,200,278,1,0.2,0.85,0.15,0.3,0.01,0.01,0.005,0.045069956,0.99265
Cu-BTC,6.24099,1.09012,0.879,0,0,0.23991,0.39891,2.00E-05,200,278,1,0.2,0.85,0.15,0.3,0.01,0.01,0.01,0.044435529,0.9857
Cu-BTC,6.24099,1.09012,0.879,0,0,0.23991,0.39891,2.00E-05,200,278,1,0.2,0.85,0.15,0.3,0.01,0.01,0.02,0.044320924,0.982483333
Cu-BTC,6.24099,1.09012,0.879,0,0,0.23991,0.39891,2.00E-05,200,298,1,0.2,0.5,0.5,0.05,0.01,0.01,0.005,0.723585653,0.92255
Cu-BTC,6.24099,1.09012,0.879,0,0,0.23991,0.39891,2.00E-05,200,298,1,0.2,0.5,0.5,0.05,0.01,0.01,0.01,0.704428624,0.97911
Cu-BTC,6.24099,1.09012,0.879,0,0,0.23991,0.39891,2.00E-05,200,298,1,0.2,0.5,0.5,0.05,0.01,0.01,0.02,0.692520523,0.98617
Cu-BTC,6.24099,1.09012,0.879,0,0,0.23991,0.39891,2.00E-05,200,298,1,0.2,0.5,0.5,0.15,0.01,0.01,0.005,0.389623119,0.99778
Cu-BTC,6.24099,1.09012,0.879,0,0,0.23991,0.39891,2.00E-05,200,298,1,0.2,0.5,0.5,0.15,0.01,0.01,0.01,0.3799694,0.989655
Cu-BTC,6.24099,1.09012,0.879,0,0,0.23991,0.39891,2.00E-05,200,298,1,0.2,0.5,0.5,0.15,0.01,0.01,0.02,0.377857991,0.986625
Cu-BTC,6.24099,1.09012,0.879,0,0,0.23991,0.39891,2.00E-05,200,298,1,0.2,0.5,0.5,0.3,0.01,0.01,0.005,0.22049646,0.99999
Cu-BTC,6.24099,1.09012,0.879,0,0,0.23991,0.39891,2.00E-05,200,298,1,0.2,0.5,0.5,0.3,0.01,0.01,0.01,0.217310747,0.990485
Cu-BTC,6.24099,1.09012,0.879,0,0,0.23991,0.39891,2.00E-05,200,298,1,0.2,0.5,0.5,0.3,0.01,0.01,0.02,0.216434548,0.98488
Cu-BTC,6.24099,1.09012,0.879,0,0,0.23991,0.39891,2.00E-05,200,298,1,0.2,0.7,0.3,0.05,0.01,0.01,0.005,0.546442639,0.894558333
Cu-BTC,6.24099,1.09012,0.879,0,0,0.23991,0.39891,2.00E-05,200,298,1,0.2,0.7,0.3,0.05,0.01,0.01,0.01,0.540781672,0.9719825
Cu-BTC,6.24099,1.09012,0.879,0,0,0.23991,0.39891,2.00E-05,200,298,1,0.2,0.7,0.3,0.05,0.01,0.01,0.02,0.53477949,0.985376667
Cu-BTC,6.24099,1.09012,0.879,0,0,0.23991,0.39891,2.00E-05,200,298,1,0.2,0.7,0.3,0.15,0.01,0.01,0.005,0.266729854,0.996691667
Cu-BTC,6.24099,1.09012,0.879,0,0,0.23991,0.39891,2.00E-05,200,298,1,0.2,0.7,0.3,0.15,0.01,0.01,0.01,0.261208217,0.9893
Cu-BTC,6.24099,1.09012,0.879,0,0,0.23991,0.39891,2.00E-05,200,298,1,0.2,0.7,0.3,0.15,0.01,0.01,0.02,0.259910146,0.987816667
Cu-BTC,6.24099,1.09012,0.879,0,0,0.23991,0.39891,2.00E-05,200,298,1,0.2,0.7,0.3,0.3,0.01,0.01,0.005,0.144137893,0.99999
Cu-BTC,6.24099,1.09012,0.879,0,0,0.23991,0.39891,2.00E-05,200,298,1,0.2,0.7,0.3,0.3,0.01,0.01,0.01,0.142117868,0.990033333
Cu-BTC,6.24099,1.09012,0.879,0,0,0.23991,0.39891,2.00E-05,200,298,1,0.2,0.7,0.3,0.3,0.01,0.01,0.02,0.141412994,0.985741667
Cu-BTC,6.24099,1.09012,0.879,0,0,0.23991,0.39891,2.00E-05,200,298,1,0.2,0.85,0.15,0.05,0.01,0.01,0.005,0.325293812,0.876538333
Cu-BTC,6.24099,1.09012,0.879,0,0,0.23991,0.39891,2.00E-05,200,298,1,0.2,0.85,0.15,0.05,0.01,0.01,0.01,0.340241691,0.965205
Cu-BTC,6.24099,1.09012,0.879,0,0,0.23991,0.39891,2.00E-05,200,298,1,0.2,0.85,0.15,0.05,0.01,0.01,0.02,0.341343291,0.984166667
Cu-BTC,6.24099,1.09012,0.879,0,0,0.23991,0.39891,2.00E-05,200,298,1,0.2,0.85,0.15,0.15,0.01,0.01,0.005,0.148062632,0.992883333
Cu-BTC,6.24099,1.09012,0.879,0,0,0.23991,0.39891,2.00E-05,200,298,1,0.2,0.85,0.15,0.15,0.01,0.01,0.01,0.14613811,0.989153333
Cu-BTC,6.24099,1.09012,0.879,0,0,0.23991,0.39891,2.00E-05,200,298,1,0.2,0.85,0.15,0.15,0.01,0.01,0.02,0.145501254,0.987681667
Cu-BTC,6.24099,1.09012,0.879,0,0,0.23991,0.39891,2.00E-05,200,298,1,0.2,0.85,0.15,0.3,0.01,0.01,0.005,0.076709863,0.997233333
Cu-BTC,6.24099,1.09012,0.879,0,0,0.23991,0.39891,2.00E-05,200,298,1,0.2,0.85,0.15,0.3,0.01,0.01,0.01,0.075934603,0.9896
Cu-BTC,6.24099,1.09012,0.879,0,0,0.23991,0.39891,2.00E-05,200,298,1,0.2,0.85,0.15,0.3,0.01,0.01,0.02,0.075654425,0.98625
Cu-BTC,6.24099,1.09012,0.879,0,0,0.23991,0.39891,2.00E-05,200,288,1,0.2,0.5,0.5,0.05,0.01,0.01,0.005,0.654720785,0.97429
Cu-BTC,6.24099,1.09012,0.879,0,0,0.23991,0.39891,2.00E-05,200,288,1,0.2,0.5,0.5,0.05,0.01,0.01,0.01,0.630080782,0.986675
Cu-BTC,6.24099,1.09012,0.879,0,0,0.23991,0.39891,2.00E-05,200,288,1,0.2,0.5,0.5,0.05,0.01,0.01,0.02,0.620540143,0.988235
Cu-BTC,6.24099,1.09012,0.879,0,0,0.23991,0.39891,2.00E-05,200,288,1,0.2,0.5,0.5,0.15,0.01,0.01,0.005,0.317545595,0.99652
Cu-BTC,6.24099,1.09012,0.879,0,0,0.23991,0.39891,2.00E-05,200,288,1,0.2,0.5,0.5,0.15,0.01,0.01,0.01,0.312117893,0.98888
Cu-BTC,6.24099,1.09012,0.879,0,0,0.23991,0.39891,2.00E-05,200,288,1,0.2,0.5,0.5,0.15,0.01,0.01,0.02,0.311507162,0.985875
Cu-BTC,6.24099,1.09012,0.879,0,0,0.23991,0.39891,2.00E-05,200,288,1,0.2,0.5,0.5,0.3,0.01,0.01,0.005,0.17353922,0.9991
Cu-BTC,6.24099,1.09012,0.879,0,0,0.23991,0.39891,2.00E-05,200,288,1,0.2,0.5,0.5,0.3,0.01,0.01,0.01,0.171526512,0.98825
Cu-BTC,6.24099,1.09012,0.879,0,0,0.23991,0.39891,2.00E-05,200,288,1,0.2,0.5,0.5,0.3,0.01,0.01,0.02,0.171139993,0.98259
Cu-BTC,6.24099,1.09012,0.879,0,0,0.23991,0.39891,2.00E-05,200,288,1,0.2,0.7,0.3,0.05,0.01,0.01,0.005,0.483664113,0.959158333
Cu-BTC,6.24099,1.09012,0.879,0,0,0.23991,0.39891,2.00E-05,200,288,1,0.2,0.7,0.3,0.05,0.01,0.01,0.01,0.475005326,0.984816667
Cu-BTC,6.24099,1.09012,0.879,0,0,0.23991,0.39891,2.00E-05,200,288,1,0.2,0.7,0.3,0.05,0.01,0.01,0.02,0.469618387,0.98847
Cu-BTC,6.24099,1.09012,0.879,0,0,0.23991,0.39891,2.00E-05,200,288,1,0.2,0.7,0.3,0.15,0.01,0.01,0.005,0.212908324,0.994608333
Cu-BTC,6.24099,1.09012,0.879,0,0,0.23991,0.39891,2.00E-05,200,288,1,0.2,0.7,0.3,0.15,0.01,0.01,0.01,0.210036086,0.988991667
Cu-BTC,6.24099,1.09012,0.879,0,0,0.23991,0.39891,2.00E-05,200,288,1,0.2,0.7,0.3,0.15,0.01,0.01,0.02,0.209570423,0.986966667
Cu-BTC,6.24099,1.09012,0.879,0,0,0.23991,0.39891,2.00E-05,200,288,1,0.2,0.7,0.3,0.3,0.01,0.01,0.005,0.111954236,0.997608333
Cu-BTC,6.24099,1.09012,0.879,0,0,0.23991,0.39891,2.00E-05,200,288,1,0.2,0.7,0.3,0.3,0.01,0.01,0.01,0.110736328,0.988175
Cu-BTC,6.24099,1.09012,0.879,0,0,0.23991,0.39891,2.00E-05,200,288,1,0.2,0.7,0.3,0.3,0.01,0.01,0.02,0.110425375,0.984083333
Cu-BTC,6.24099,1.09012,0.879,0,0,0.23991,0.39891,2.00E-05,200,288,1,0.2,0.85,0.15,0.05,0.01,0.01,0.005,0.29113111,0.947268333
Cu-BTC,6.24099,1.09012,0.879,0,0,0.23991,0.39891,2.00E-05,200,288,1,0.2,0.85,0.15,0.05,0.01,0.01,0.01,0.292788015,0.983181667
Cu-BTC,6.24099,1.09012,0.879,0,0,0.23991,0.39891,2.00E-05,200,288,1,0.2,0.85,0.15,0.05,0.01,0.01,0.02,0.29353012,0.988336667
Cu-BTC,6.24099,1.09012,0.879,0,0,0.23991,0.39891,2.00E-05,200,288,1,0.2,0.85,0.15,0.15,0.01,0.01,0.005,0.11668611,0.993566667
Cu-BTC,6.24099,1.09012,0.879,0,0,0.23991,0.39891,2.00E-05,200,288,1,0.2,0.85,0.15,0.15,0.01,0.01,0.01,0.11548228,0.98915
Cu-BTC,6.24099,1.09012,0.879,0,0,0.23991,0.39891,2.00E-05,200,288,1,0.2,0.85,0.15,0.15,0.01,0.01,0.02,0.11523797,0.987575
Cu-BTC,6.24099,1.09012,0.879,0,0,0.23991,0.39891,2.00E-05,200,288,1,0.2,0.85,0.15,0.3,0.01,0.01,0.005,0.059022956,0.99525
Cu-BTC,6.24099,1.09012,0.879,0,0,0.23991,0.39891,2.00E-05,200,288,1,0.2,0.85,0.15,0.3,0.01,0.01,0.01,0.058559782,0.98825
Cu-BTC,6.24099,1.09012,0.879,0,0,0.23991,0.39891,2.00E-05,200,288,1,0.2,0.85,0.15,0.3,0.01,0.01,0.02,0.058379335,0.984933333
Ni-MOF-74,2.88311,1.27053,1.71067,0,0,0.226578,0.3876,2.00E-05,200,278,1,0.2,0.5,0.5,0.2,0.01,0.01,0.005,0.130136446,0.98905
Ni-MOF-74,2.88311,1.27053,1.71067,0,0,0.226578,0.3876,2.00E-05,200,278,1,0.2,0.5,0.5,0.2,0.01,0.01,0.01,0.127848374,0.981095
Ni-MOF-74,2.88311,1.27053,1.71067,0,0,0.226578,0.3876,2.00E-05,200,278,1,0.2,0.5,0.5,0.2,0.01,0.01,0.02,0.123429174,0.97611
Ni-MOF-74,2.88311,1.27053,1.71067,0,0,0.226578,0.3876,2.00E-05,200,278,1,0.2,0.5,0.5,0.25,0.01,0.01,0.005,0.102060525,0.98815
Ni-MOF-74,2.88311,1.27053,1.71067,0,0,0.226578,0.3876,2.00E-05,200,278,1,0.2,0.5,0.5,0.25,0.01,0.01,0.01,0.102044646,0.97895
Ni-MOF-74,2.88311,1.27053,1.71067,0,0,0.226578,0.3876,2.00E-05,200,278,1,0.2,0.5,0.5,0.25,0.01,0.01,0.02,0.100098201,0.97345
Ni-MOF-74,2.88311,1.27053,1.71067,0,0,0.226578,0.3876,2.00E-05,200,278,1,0.2,0.5,0.5,0.3,0.01,0.01,0.005,0.082744656,0.98685
Ni-MOF-74,2.88311,1.27053,1.71067,0,0,0.226578,0.3876,2.00E-05,200,278,1,0.2,0.5,0.5,0.3,0.01,0.01,0.01,0.080890106,0.976145
Ni-MOF-74,2.88311,1.27053,1.71067,0,0,0.226578,0.3876,2.00E-05,200,278,1,0.2,0.5,0.5,0.3,0.01,0.01,0.02,0.081182987,0.970405
Ni-MOF-74,2.88311,1.27053,1.71067,0,0,0.226578,0.3876,2.00E-05,200,278,1,0.2,0.7,0.3,0.2,0.01,0.01,0.005,0.081389076,0.988216667
Ni-MOF-74,2.88311,1.27053,1.71067,0,0,0.226578,0.3876,2.00E-05,200,278,1,0.2,0.7,0.3,0.2,0.01,0.01,0.01,0.07939927,0.982341667
Ni-MOF-74,2.88311,1.27053,1.71067,0,0,0.226578,0.3876,2.00E-05,200,278,1,0.2,0.7,0.3,0.2,0.01,0.01,0.02,0.079353033,0.97935
Ni-MOF-74,2.88311,1.27053,1.71067,0,0,0.226578,0.3876,2.00E-05,200,278,1,0.2,0.7,0.3,0.25,0.01,0.01,0.005,0.063079471,0.987083333
Ni-MOF-74,2.88311,1.27053,1.71067,0,0,0.226578,0.3876,2.00E-05,200,278,1,0.2,0.7,0.3,0.25,0.01,0.01,0.01,0.064456387,0.980591667
Ni-MOF-74,2.88311,1.27053,1.71067,0,0,0.226578,0.3876,2.00E-05,200,278,1,0.2,0.7,0.3,0.25,0.01,0.01,0.02,0.041729444,0.839504083
Ni-MOF-74,2.88311,1.27053,1.71067,0,0,0.226578,0.3876,2.00E-05,200,278,1,0.2,0.7,0.3,0.3,0.01,0.01,0.005,0.053315845,0.9864
Ni-MOF-74,2.88311,1.27053,1.71067,0,0,0.226578,0.3876,2.00E-05,200,278,1,0.2,0.7,0.3,0.3,0.01,0.01,0.01,0.052950788,0.9787
Ni-MOF-74,2.88311,1.27053,1.71067,0,0,0.226578,0.3876,2.00E-05,200,278,1,0.2,0.7,0.3,0.3,0.01,0.01,0.02,0.035008133,0.838717583
Ni-MOF-74,2.88311,1.27053,1.71067,0,0,0.226578,0.3876,2.00E-05,200,278,1,0.2,0.85,0.15,0.2,0.01,0.01,0.005,0.042295391,0.987866667
Ni-MOF-74,2.88311,1.27053,1.71067,0,0,0.226578,0.3876,2.00E-05,200,278,1,0.2,0.85,0.15,0.2,0.01,0.01,0.01,0.042031808,0.9834
Ni-MOF-74,2.88311,1.27053,1.71067,0,0,0.226578,0.3876,2.00E-05,200,278,1,0.2,0.85,0.15,0.2,0.01,0.01,0.02,0.041952311,0.981166667
Ni-MOF-74,2.88311,1.27053,1.71067,0,0,0.226578,0.3876,2.00E-05,200,278,1,0.2,0.85,0.15,0.25,0.01,0.01,0.005,0.033384395,0.986883333
Ni-MOF-74,2.88311,1.27053,1.71067,0,0,0.226578,0.3876,2.00E-05,200,278,1,0.2,0.85,0.15,0.25,0.01,0.01,0.01,0.033197851,0.9815
Ni-MOF-74,2.88311,1.27053,1.71067,0,0,0.226578,0.3876,2.00E-05,200,278,1,0.2,0.85,0.15,0.25,0.01,0.01,0.02,0.033138868,0.978816667
Ni-MOF-74,2.88311,1.27053,1.71067,0,0,0.226578,0.3876,2.00E-05,200,278,1,0.2,0.85,0.15,0.3,0.01,0.01,0.005,0.027490146,0.98605
Ni-MOF-74,2.88311,1.27053,1.71067,0,0,0.226578,0.3876,2.00E-05,200,278,1,0.2,0.85,0.15,0.3,0.01,0.01,0.01,0.027314808,0.979766667
Ni-MOF-74,2.88311,1.27053,1.71067,0,0,0.226578,0.3876,2.00E-05,200,278,1,0.2,0.85,0.15,0.3,0.01,0.01,0.02,0.027249531,0.97665
Ni-MOF-74,2.88311,1.27053,1.71067,0,0,0.226578,0.3876,2.00E-05,200,298,1,0.2,0.5,0.5,0.2,0.01,0.01,0.005,0.194889873,0.99235
Ni-MOF-74,2.88311,1.27053,1.71067,0,0,0.226578,0.3876,2.00E-05,200,298,1,0.2,0.5,0.5,0.2,0.01,0.01,0.01,0.192460401,0.986195
Ni-MOF-74,2.88311,1.27053,1.71067,0,0,0.226578,0.3876,2.00E-05,200,298,1,0.2,0.5,0.5,0.2,0.01,0.01,0.02,0.191814898,0.982755
Ni-MOF-74,2.88311,1.27053,1.71067,0,0,0.226578,0.3876,2.00E-05,200,298,1,0.2,0.5,0.5,0.25,0.01,0.01,0.005,0.157847441,0.99245
Ni-MOF-74,2.88311,1.27053,1.71067,0,0,0.226578,0.3876,2.00E-05,200,298,1,0.2,0.5,0.5,0.25,0.01,0.01,0.01,0.150252102,0.984735
Ni-MOF-74,2.88311,1.27053,1.71067,0,0,0.226578,0.3876,2.00E-05,200,298,1,0.2,0.5,0.5,0.25,0.01,0.01,0.02,0.099523028,0.58987
Ni-MOF-74,2.88311,1.27053,1.71067,0,0,0.226578,0.3876,2.00E-05,200,298,1,0.2,0.5,0.5,0.3,0.01,0.01,0.005,0.132085138,0.9926
Ni-MOF-74,2.88311,1.27053,1.71067,0,0,0.226578,0.3876,2.00E-05,200,298,1,0.2,0.5,0.5,0.3,0.01,0.01,0.01,0.125929539,0.98372
Ni-MOF-74,2.88311,1.27053,1.71067,0,0,0.226578,0.3876,2.00E-05,200,298,1,0.2,0.5,0.5,0.3,0.01,0.01,0.02,0.123423876,0.97866
Ni-MOF-74,2.88311,1.27053,1.71067,0,0,0.226578,0.3876,2.00E-05,200,298,1,0.2,0.7,0.3,0.2,0.01,0.01,0.005,0.125475446,0.991316667
Ni-MOF-74,2.88311,1.27053,1.71067,0,0,0.226578,0.3876,2.00E-05,200,298,1,0.2,0.7,0.3,0.2,0.01,0.01,0.01,0.124332428,0.986908333
Ni-MOF-74,2.88311,1.27053,1.71067,0,0,0.226578,0.3876,2.00E-05,200,298,1,0.2,0.7,0.3,0.2,0.01,0.01,0.02,0.123966058,0.98465
Ni-MOF-74,2.88311,1.27053,1.71067,0,0,0.226578,0.3876,2.00E-05,200,298,1,0.2,0.7,0.3,0.25,0.01,0.01,0.005,0.100661679,0.991258333
Ni-MOF-74,2.88311,1.27053,1.71067,0,0,0.226578,0.3876,2.00E-05,200,298,1,0.2,0.7,0.3,0.25,0.01,0.01,0.01,0.097021212,0.985725
Ni-MOF-74,2.88311,1.27053,1.71067,0,0,0.226578,0.3876,2.00E-05,200,298,1,0.2,0.7,0.3,0.25,0.01,0.01,0.02,0.099521429,0.983108333
Ni-MOF-74,2.88311,1.27053,1.71067,0,0,0.226578,0.3876,2.00E-05,200,298,1,0.2,0.7,0.3,0.3,0.01,0.01,0.005,0.083755421,0.991191667
Ni-MOF-74,2.88311,1.27053,1.71067,0,0,0.226578,0.3876,2.00E-05,200,298,1,0.2,0.7,0.3,0.3,0.01,0.01,0.01,0.082819401,0.984908333
Ni-MOF-74,2.88311,1.27053,1.71067,0,0,0.226578,0.3876,2.00E-05,200,298,1,0.2,0.7,0.3,0.3,0.01,0.01,0.02,0.080445244,0.981375
Ni-MOF-74,2.88311,1.27053,1.71067,0,0,0.226578,0.3876,2.00E-05,200,298,1,0.2,0.85,0.15,0.2,0.01,0.01,0.005,0.066245762,0.99085
Ni-MOF-74,2.88311,1.27053,1.71067,0,0,0.226578,0.3876,2.00E-05,200,298,1,0.2,0.85,0.15,0.2,0.01,0.01,0.01,0.065831919,0.987383333
Ni-MOF-74,2.88311,1.27053,1.71067,0,0,0.226578,0.3876,2.00E-05,200,298,1,0.2,0.85,0.15,0.2,0.01,0.01,0.02,0.065768544,0.9868
Ni-MOF-74,2.88311,1.27053,1.71067,0,0,0.226578,0.3876,2.00E-05,200,298,1,0.2,0.85,0.15,0.25,0.01,0.01,0.005,0.05274142,0.99065
Ni-MOF-74,2.88311,1.27053,1.71067,0,0,0.226578,0.3876,2.00E-05,200,298,1,0.2,0.85,0.15,0.25,0.01,0.01,0.01,0.052428303,0.986416667
Ni-MOF-74,2.88311,1.27053,1.71067,0,0,0.226578,0.3876,2.00E-05,200,298,1,0.2,0.85,0.15,0.25,0.01,0.01,0.02,0.050837577,0.98545
Ni-MOF-74,2.88311,1.27053,1.71067,0,0,0.226578,0.3876,2.00E-05,200,298,1,0.2,0.85,0.15,0.3,0.01,0.01,0.005,0.043588019,0.990516667
Ni-MOF-74,2.88311,1.27053,1.71067,0,0,0.226578,0.3876,2.00E-05,200,298,1,0.2,0.85,0.15,0.3,0.01,0.01,0.01,0.043324328,0.985483333
Ni-MOF-74,2.88311,1.27053,1.71067,0,0,0.226578,0.3876,2.00E-05,200,298,1,0.2,0.85,0.15,0.3,0.01,0.01,0.02,0.043208904,0.98295
Ni-MOF-74,2.88311,1.27053,1.71067,0,0,0.226578,0.3876,2.00E-05,200,288,1,0.2,0.5,0.5,0.2,0.01,0.01,0.005,0.158681364,0.9911
Ni-MOF-74,2.88311,1.27053,1.71067,0,0,0.226578,0.3876,2.00E-05,200,288,1,0.2,0.5,0.5,0.2,0.01,0.01,0.01,0.156881111,0.984025
Ni-MOF-74,2.88311,1.27053,1.71067,0,0,0.226578,0.3876,2.00E-05,200,288,1,0.2,0.5,0.5,0.2,0.01,0.01,0.02,0.153494106,0.979835
Ni-MOF-74,2.88311,1.27053,1.71067,0,0,0.226578,0.3876,2.00E-05,200,288,1,0.2,0.5,0.5,0.25,0.01,0.01,0.005,0.127589981,0.9908
Ni-MOF-74,2.88311,1.27053,1.71067,0,0,0.226578,0.3876,2.00E-05,200,288,1,0.2,0.5,0.5,0.25,0.01,0.01,0.01,0.126146091,0.98248
Ni-MOF-74,2.88311,1.27053,1.71067,0,0,0.226578,0.3876,2.00E-05,200,288,1,0.2,0.5,0.5,0.25,0.01,0.01,0.02,0.120743746,0.97719
Ni-MOF-74,2.88311,1.27053,1.71067,0,0,0.226578,0.3876,2.00E-05,200,288,1,0.2,0.5,0.5,0.3,0.01,0.01,0.005,0.103904345,0.99065
Ni-MOF-74,2.88311,1.27053,1.71067,0,0,0.226578,0.3876,2.00E-05,200,288,1,0.2,0.5,0.5,0.3,0.01,0.01,0.01,0.102740838,0.9808
Ni-MOF-74,2.88311,1.27053,1.71067,0,0,0.226578,0.3876,2.00E-05,200,288,1,0.2,0.5,0.5,0.3,0.01,0.01,0.02,0.102216922,0.97536
Ni-MOF-74,2.88311,1.27053,1.71067,0,0,0.226578,0.3876,2.00E-05,200,288,1,0.2,0.7,0.3,0.2,0.01,0.01,0.005,0.100900119,0.990091667
Ni-MOF-74,2.88311,1.27053,1.71067,0,0,0.226578,0.3876,2.00E-05,200,288,1,0.2,0.7,0.3,0.2,0.01,0.01,0.01,0.100593126,0.985083333
Ni-MOF-74,2.88311,1.27053,1.71067,0,0,0.226578,0.3876,2.00E-05,200,288,1,0.2,0.7,0.3,0.2,0.01,0.01,0.02,0.099970914,0.982441667
Ni-MOF-74,2.88311,1.27053,1.71067,0,0,0.226578,0.3876,2.00E-05,200,288,1,0.2,0.7,0.3,0.25,0.01,0.01,0.005,0.080002021,0.989541667
Ni-MOF-74,2.88311,1.27053,1.71067,0,0,0.226578,0.3876,2.00E-05,200,288,1,0.2,0.7,0.3,0.25,0.01,0.01,0.01,0.077657155,0.983291667
Ni-MOF-74,2.88311,1.27053,1.71067,0,0,0.226578,0.3876,2.00E-05,200,288,1,0.2,0.7,0.3,0.25,0.01,0.01,0.02,0.077031687,0.980183333
Ni-MOF-74,2.88311,1.27053,1.71067,0,0,0.226578,0.3876,2.00E-05,200,288,1,0.2,0.7,0.3,0.3,0.01,0.01,0.005,0.067334208,0.9893
Ni-MOF-74,2.88311,1.27053,1.71067,0,0,0.226578,0.3876,2.00E-05,200,288,1,0.2,0.7,0.3,0.3,0.01,0.01,0.01,0.066188915,0.982266667
Ni-MOF-74,2.88311,1.27053,1.71067,0,0,0.226578,0.3876,2.00E-05,200,288,1,0.2,0.7,0.3,0.3,0.01,0.01,0.02,0.064535387,0.978283333
Ni-MOF-74,2.88311,1.27053,1.71067,0,0,0.226578,0.3876,2.00E-05,200,288,1,0.2,0.85,0.15,0.2,0.01,0.01,0.005,0.052791607,0.989666667
Ni-MOF-74,2.88311,1.27053,1.71067,0,0,0.226578,0.3876,2.00E-05,200,288,1,0.2,0.85,0.15,0.2,0.01,0.01,0.01,0.05250803,0.9857
Ni-MOF-74,2.88311,1.27053,1.71067,0,0,0.226578,0.3876,2.00E-05,200,288,1,0.2,0.85,0.15,0.2,0.01,0.01,0.02,0.052390615,0.983733333
Ni-MOF-74,2.88311,1.27053,1.71067,0,0,0.226578,0.3876,2.00E-05,200,288,1,0.2,0.85,0.15,0.25,0.01,0.01,0.005,0.040829918,0.989066667
Ni-MOF-74,2.88311,1.27053,1.71067,0,0,0.226578,0.3876,2.00E-05,200,288,1,0.2,0.85,0.15,0.25,0.01,0.01,0.01,0.041627314,0.984333333
Ni-MOF-74,2.88311,1.27053,1.71067,0,0,0.226578,0.3876,2.00E-05,200,288,1,0.2,0.85,0.15,0.25,0.01,0.01,0.02,0.041531317,0.9819
Ni-MOF-74,2.88311,1.27053,1.71067,0,0,0.226578,0.3876,2.00E-05,200,288,1,0.2,0.85,0.15,0.3,0.01,0.01,0.005,0.034527156,0.98865
Ni-MOF-74,2.88311,1.27053,1.71067,0,0,0.226578,0.3876,2.00E-05,200,288,1,0.2,0.85,0.15,0.3,0.01,0.01,0.01,0.034325148,0.983033333
Ni-MOF-74,2.88311,1.27053,1.71067,0,0,0.226578,0.3876,2.00E-05,200,288,1,0.2,0.85,0.15,0.3,0.01,0.01,0.02,0.034237209,0.980183333
Mg-MOF-74,11.86103,11.05441,0.880186,1475.45,1676.29,0.750625,0.66069,2.00E-05,200,278,1,0.2,0.5,0.5,0.1,0.01,0.01,0.05,0.310488558,0.982895
Mg-MOF-74,11.86103,11.05441,0.880186,1475.45,1676.29,0.750625,0.66069,2.00E-05,200,278,1,0.2,0.5,0.5,0.1,0.01,0.01,0.075,0.310931218,0.98443
Mg-MOF-74,11.86103,11.05441,0.880186,1475.45,1676.29,0.750625,0.66069,2.00E-05,200,278,1,0.2,0.5,0.5,0.1,0.01,0.01,0.1,0.310847115,0.982925
Mg-MOF-74,11.86103,11.05441,0.880186,1475.45,1676.29,0.750625,0.66069,2.00E-05,200,278,1,0.2,0.5,0.5,0.15,0.01,0.01,0.05,0.222972842,0.979115
Mg-MOF-74,11.86103,11.05441,0.880186,1475.45,1676.29,0.750625,0.66069,2.00E-05,200,278,1,0.2,0.5,0.5,0.15,0.01,0.01,0.075,0.22350785,0.978685
Mg-MOF-74,11.86103,11.05441,0.880186,1475.45,1676.29,0.750625,0.66069,2.00E-05,200,278,1,0.2,0.5,0.5,0.15,0.01,0.01,0.1,0.223592457,0.978435
Mg-MOF-74,11.86103,11.05441,0.880186,1475.45,1676.29,0.750625,0.66069,2.00E-05,200,278,1,0.2,0.5,0.5,0.2,0.01,0.01,0.05,0.171847626,0.976
Mg-MOF-74,11.86103,11.05441,0.880186,1475.45,1676.29,0.750625,0.66069,2.00E-05,200,278,1,0.2,0.5,0.5,0.2,0.01,0.01,0.075,0.171508765,0.9838
Mg-MOF-74,11.86103,11.05441,0.880186,1475.45,1676.29,0.750625,0.66069,2.00E-05,200,278,1,0.2,0.5,0.5,0.2,0.01,0.01,0.1,0.171576791,0.98395
Mg-MOF-74,11.86103,11.05441,0.880186,1475.45,1676.29,0.750625,0.66069,2.00E-05,200,278,1,0.2,0.7,0.3,0.1,0.01,0.01,0.05,0.208297178,0.986191667
Mg-MOF-74,11.86103,11.05441,0.880186,1475.45,1676.29,0.750625,0.66069,2.00E-05,200,278,1,0.2,0.7,0.3,0.1,0.01,0.01,0.075,0.207871584,0.986025
Mg-MOF-74,11.86103,11.05441,0.880186,1475.45,1676.29,0.750625,0.66069,2.00E-05,200,278,1,0.2,0.7,0.3,0.1,0.01,0.01,0.1,0.208053951,0.985941667
Mg-MOF-74,11.86103,11.05441,0.880186,1475.45,1676.29,0.750625,0.66069,2.00E-05,200,278,1,0.2,0.7,0.3,0.15,0.01,0.01,0.05,0.145964047,0.983291667
Mg-MOF-74,11.86103,11.05441,0.880186,1475.45,1676.29,0.750625,0.66069,2.00E-05,200,278,1,0.2,0.7,0.3,0.15,0.01,0.01,0.075,0.146001052,0.983408333
Mg-MOF-74,11.86103,11.05441,0.880186,1475.45,1676.29,0.750625,0.66069,2.00E-05,200,278,1,0.2,0.7,0.3,0.15,0.01,0.01,0.1,0.145993015,0.983325
Mg-MOF-74,11.86103,11.05441,0.880186,1475.45,1676.29,0.750625,0.66069,2.00E-05,200,278,1,0.2,0.7,0.3,0.2,0.01,0.01,0.05,0.111259205,0.980833333
Mg-MOF-74,11.86103,11.05441,0.880186,1475.45,1676.29,0.750625,0.66069,2.00E-05,200,278,1,0.2,0.7,0.3,0.2,0.01,0.01,0.075,0.111026401,0.980575
Mg-MOF-74,11.86103,11.05441,0.880186,1475.45,1676.29,0.750625,0.66069,2.00E-05,200,278,1,0.2,0.7,0.3,0.2,0.01,0.01,0.1,0.111242007,0.980475
Mg-MOF-74,11.86103,11.05441,0.880186,1475.45,1676.29,0.750625,0.66069,2.00E-05,200,278,1,0.2,0.85,0.15,0.1,0.01,0.01,0.05,0.115879426,0.98945
Mg-MOF-74,11.86103,11.05441,0.880186,1475.45,1676.29,0.750625,0.66069,2.00E-05,200,278,1,0.2,0.85,0.15,0.1,0.01,0.01,0.075,0.115841284,0.988483333
Mg-MOF-74,11.86103,11.05441,0.880186,1475.45,1676.29,0.750625,0.66069,2.00E-05,200,278,1,0.2,0.85,0.15,0.1,0.01,0.01,0.1,0.115708703,0.988466667
Mg-MOF-74,11.86103,11.05441,0.880186,1475.45,1676.29,0.750625,0.66069,2.00E-05,200,278,1,0.2,0.85,0.15,0.15,0.01,0.01,0.05,0.079211177,0.987433333
Mg-MOF-74,11.86103,11.05441,0.880186,1475.45,1676.29,0.750625,0.66069,2.00E-05,200,278,1,0.2,0.85,0.15,0.15,0.01,0.01,0.075,0.079064378,0.986
Mg-MOF-74,11.86103,11.05441,0.880186,1475.45,1676.29,0.750625,0.66069,2.00E-05,200,278,1,0.2,0.85,0.15,0.15,0.01,0.01,0.1,0.078937115,0.985966667
Mg-MOF-74,11.86103,11.05441,0.880186,1475.45,1676.29,0.750625,0.66069,2.00E-05,200,278,1,0.2,0.85,0.15,0.2,0.01,0.01,0.05,0.059569024,0.9855
Mg-MOF-74,11.86103,11.05441,0.880186,1475.45,1676.29,0.750625,0.66069,2.00E-05,200,278,1,0.2,0.85,0.15,0.2,0.01,0.01,0.075,0.059487127,0.983616667
Mg-MOF-74,11.86103,11.05441,0.880186,1475.45,1676.29,0.750625,0.66069,2.00E-05,200,278,1,0.2,0.85,0.15,0.2,0.01,0.01,0.1,0.059402004,0.983583333
Mg-MOF-74,11.86103,11.05441,0.880186,1475.45,1676.29,0.750625,0.66069,2.00E-05,200,288,1,0.2,0.5,0.5,0.1,0.01,0.01,0.05,0.385237246,0.98499
Mg-MOF-74,11.86103,11.05441,0.880186,1475.45,1676.29,0.750625,0.66069,2.00E-05,200,288,1,0.2,0.5,0.5,0.1,0.01,0.01,0.075,0.385703882,0.98508
Mg-MOF-74,11.86103,11.05441,0.880186,1475.45,1676.29,0.750625,0.66069,2.00E-05,200,288,1,0.2,0.5,0.5,0.1,0.01,0.01,0.1,0.385356417,0.98505
Mg-MOF-74,11.86103,11.05441,0.880186,1475.45,1676.29,0.750625,0.66069,2.00E-05,200,288,1,0.2,0.5,0.5,0.15,0.01,0.01,0.05,0.286601175,0.982155
Mg-MOF-74,11.86103,11.05441,0.880186,1475.45,1676.29,0.750625,0.66069,2.00E-05,200,288,1,0.2,0.5,0.5,0.15,0.01,0.01,0.075,0.28679075,0.981755
Mg-MOF-74,11.86103,11.05441,0.880186,1475.45,1676.29,0.750625,0.66069,2.00E-05,200,288,1,0.2,0.5,0.5,0.15,0.01,0.01,0.1,0.287012495,0.98161
Mg-MOF-74,11.86103,11.05441,0.880186,1475.45,1676.29,0.750625,0.66069,2.00E-05,200,288,1,0.2,0.5,0.5,0.2,0.01,0.01,0.05,0.225577414,0.97965
Mg-MOF-74,11.86103,11.05441,0.880186,1475.45,1676.29,0.750625,0.66069,2.00E-05,200,288,1,0.2,0.5,0.5,0.2,0.01,0.01,0.075,0.225675335,0.979405
Mg-MOF-74,11.86103,11.05441,0.880186,1475.45,1676.29,0.750625,0.66069,2.00E-05,200,288,1,0.2,0.5,0.5,0.2,0.01,0.01,0.1,0.225446598,0.979455
Mg-MOF-74,11.86103,11.05441,0.880186,1475.45,1676.29,0.750625,0.66069,2.00E-05,200,288,1,0.2,0.7,0.3,0.1,0.01,0.01,0.05,0.26650646,0.987941667
Mg-MOF-74,11.86103,11.05441,0.880186,1475.45,1676.29,0.750625,0.66069,2.00E-05,200,288,1,0.2,0.7,0.3,0.1,0.01,0.01,0.075,0.266533855,0.987816667
Mg-MOF-74,11.86103,11.05441,0.880186,1475.45,1676.29,0.750625,0.66069,2.00E-05,200,288,1,0.2,0.7,0.3,0.1,0.01,0.01,0.1,0.266707468,0.987766667
Mg-MOF-74,11.86103,11.05441,0.880186,1475.45,1676.29,0.750625,0.66069,2.00E-05,200,288,1,0.2,0.7,0.3,0.15,0.01,0.01,0.05,0.191569299,0.985791667
Mg-MOF-74,11.86103,11.05441,0.880186,1475.45,1676.29,0.750625,0.66069,2.00E-05,200,288,1,0.2,0.7,0.3,0.15,0.01,0.01,0.075,0.191811863,0.986841667
Mg-MOF-74,11.86103,11.05441,0.880186,1475.45,1676.29,0.750625,0.66069,2.00E-05,200,288,1,0.2,0.7,0.3,0.15,0.01,0.01,0.1,0.191530916,0.985575
Mg-MOF-74,11.86103,11.05441,0.880186,1475.45,1676.29,0.750625,0.66069,2.00E-05,200,288,1,0.2,0.7,0.3,0.2,0.01,0.01,0.05,0.148519758,0.983991667
Mg-MOF-74,11.86103,11.05441,0.880186,1475.45,1676.29,0.750625,0.66069,2.00E-05,200,288,1,0.2,0.7,0.3,0.2,0.01,0.01,0.075,0.148495997,0.983841667
Mg-MOF-74,11.86103,11.05441,0.880186,1475.45,1676.29,0.750625,0.66069,2.00E-05,200,288,1,0.2,0.7,0.3,0.2,0.01,0.01,0.1,0.148390884,0.983783333
Mg-MOF-74,11.86103,11.05441,0.880186,1475.45,1676.29,0.750625,0.66069,2.00E-05,200,288,1,0.2,0.85,0.15,0.1,0.01,0.01,0.05,0.153265444,0.990066667
Mg-MOF-74,11.86103,11.05441,0.880186,1475.45,1676.29,0.750625,0.66069,2.00E-05,200,288,1,0.2,0.85,0.15,0.1,0.01,0.01,0.075,0.153031888,0.99005
Mg-MOF-74,11.86103,11.05441,0.880186,1475.45,1676.29,0.750625,0.66069,2.00E-05,200,288,1,0.2,0.85,0.15,0.1,0.01,0.01,0.1,0.153072321,0.990066667
Mg-MOF-74,11.86103,11.05441,0.880186,1475.45,1676.29,0.750625,0.66069,2.00E-05,200,288,1,0.2,0.85,0.15,0.15,0.01,0.01,0.05,0.106241322,0.988283333
Mg-MOF-74,11.86103,11.05441,0.880186,1475.45,1676.29,0.750625,0.66069,2.00E-05,200,288,1,0.2,0.85,0.15,0.15,0.01,0.01,0.075,0.106132282,0.988266667
Mg-MOF-74,11.86103,11.05441,0.880186,1475.45,1676.29,0.750625,0.66069,2.00E-05,200,288,1,0.2,0.85,0.15,0.15,0.01,0.01,0.1,0.106188922,0.988266667
Mg-MOF-74,11.86103,11.05441,0.880186,1475.45,1676.29,0.750625,0.66069,2.00E-05,200,288,1,0.2,0.85,0.15,0.2,0.01,0.01,0.05,0.080792943,0.986566667
Mg-MOF-74,11.86103,11.05441,0.880186,1475.45,1676.29,0.750625,0.66069,2.00E-05,200,288,1,0.2,0.85,0.15,0.2,0.01,0.01,0.075,0.080797712,0.986533333
Mg-MOF-74,11.86103,11.05441,0.880186,1475.45,1676.29,0.750625,0.66069,2.00E-05,200,288,1,0.2,0.85,0.15,0.2,0.01,0.01,0.1,0.080876403,0.98785
Mg-MOF-74,11.86103,11.05441,0.880186,1475.45,1676.29,0.750625,0.66069,2.00E-05,200,298,1,0.2,0.5,0.5,0.1,0.01,0.01,0.05,0.464655856,0.987015
Mg-MOF-74,11.86103,11.05441,0.880186,1475.45,1676.29,0.750625,0.66069,2.00E-05,200,298,1,0.2,0.5,0.5,0.1,0.01,0.01,0.075,0.463988467,0.986465
Mg-MOF-74,11.86103,11.05441,0.880186,1475.45,1676.29,0.750625,0.66069,2.00E-05,200,298,1,0.2,0.5,0.5,0.1,0.01,0.01,0.1,0.463181788,0.986605
Mg-MOF-74,11.86103,11.05441,0.880186,1475.45,1676.29,0.750625,0.66069,2.00E-05,200,298,1,0.2,0.5,0.5,0.15,0.01,0.01,0.05,0.357710842,0.98427
Mg-MOF-74,11.86103,11.05441,0.880186,1475.45,1676.29,0.750625,0.66069,2.00E-05,200,298,1,0.2,0.5,0.5,0.15,0.01,0.01,0.075,0.357910205,0.98399
Mg-MOF-74,11.86103,11.05441,0.880186,1475.45,1676.29,0.750625,0.66069,2.00E-05,200,298,1,0.2,0.5,0.5,0.15,0.01,0.01,0.1,0.357744077,0.983925
Mg-MOF-74,11.86103,11.05441,0.880186,1475.45,1676.29,0.750625,0.66069,2.00E-05,200,298,1,0.2,0.5,0.5,0.2,0.01,0.01,0.05,0.28842015,0.98231
Mg-MOF-74,11.86103,11.05441,0.880186,1475.45,1676.29,0.750625,0.66069,2.00E-05,200,298,1,0.2,0.5,0.5,0.2,0.01,0.01,0.075,0.288661809,0.982205
Mg-MOF-74,11.86103,11.05441,0.880186,1475.45,1676.29,0.750625,0.66069,2.00E-05,200,298,1,0.2,0.5,0.5,0.2,0.01,0.01,0.1,0.288388265,0.982435
Mg-MOF-74,11.86103,11.05441,0.880186,1475.45,1676.29,0.750625,0.66069,2.00E-05,200,298,1,0.2,0.7,0.3,0.1,0.01,0.01,0.05,0.33141702,0.98915
Mg-MOF-74,11.86103,11.05441,0.880186,1475.45,1676.29,0.750625,0.66069,2.00E-05,200,298,1,0.2,0.7,0.3,0.1,0.01,0.01,0.075,0.331323418,0.989066667
Mg-MOF-74,11.86103,11.05441,0.880186,1475.45,1676.29,0.750625,0.66069,2.00E-05,200,298,1,0.2,0.7,0.3,0.1,0.01,0.01,0.1,0.331283566,0.989025
Mg-MOF-74,11.86103,11.05441,0.880186,1475.45,1676.29,0.750625,0.66069,2.00E-05,200,298,1,0.2,0.7,0.3,0.15,0.01,0.01,0.05,0.246091422,0.987583333
Mg-MOF-74,11.86103,11.05441,0.880186,1475.45,1676.29,0.750625,0.66069,2.00E-05,200,298,1,0.2,0.7,0.3,0.15,0.01,0.01,0.075,0.246256762,0.987491667
Mg-MOF-74,11.86103,11.05441,0.880186,1475.45,1676.29,0.750625,0.66069,2.00E-05,200,298,1,0.2,0.7,0.3,0.15,0.01,0.01,0.1,0.246210586,0.987458333
Mg-MOF-74,11.86103,11.05441,0.880186,1475.45,1676.29,0.750625,0.66069,2.00E-05,200,298,1,0.2,0.7,0.3,0.2,0.01,0.01,0.05,0.194330375,0.986283333
Mg-MOF-74,11.86103,11.05441,0.880186,1475.45,1676.29,0.750625,0.66069,2.00E-05,200,298,1,0.2,0.7,0.3,0.2,0.01,0.01,0.075,0.194286202,0.9862
Mg-MOF-74,11.86103,11.05441,0.880186,1475.45,1676.29,0.750625,0.66069,2.00E-05,200,298,1,0.2,0.7,0.3,0.2,0.01,0.01,0.1,0.194409307,0.986183333
Mg-MOF-74,11.86103,11.05441,0.880186,1475.45,1676.29,0.750625,0.66069,2.00E-05,200,298,1,0.2,0.85,0.15,0.1,0.01,0.01,0.05,0.196484832,0.9916
Mg-MOF-74,11.86103,11.05441,0.880186,1475.45,1676.29,0.750625,0.66069,2.00E-05,200,298,1,0.2,0.85,0.15,0.1,0.01,0.01,0.075,0.196466016,0.9916
Mg-MOF-74,11.86103,11.05441,0.880186,1475.45,1676.29,0.750625,0.66069,2.00E-05,200,298,1,0.2,0.85,0.15,0.1,0.01,0.01,0.1,0.196210797,0.991616667
Mg-MOF-74,11.86103,11.05441,0.880186,1475.45,1676.29,0.750625,0.66069,2.00E-05,200,298,1,0.2,0.85,0.15,0.15,0.01,0.01,0.05,0.139994249,0.989866667
Mg-MOF-74,11.86103,11.05441,0.880186,1475.45,1676.29,0.750625,0.66069,2.00E-05,200,298,1,0.2,0.85,0.15,0.15,0.01,0.01,0.075,0.139992929,0.989866667
Mg-MOF-74,11.86103,11.05441,0.880186,1475.45,1676.29,0.750625,0.66069,2.00E-05,200,298,1,0.2,0.85,0.15,0.15,0.01,0.01,0.1,0.140127689,0.9906
Mg-MOF-74,11.86103,11.05441,0.880186,1475.45,1676.29,0.750625,0.66069,2.00E-05,200,298,1,0.2,0.85,0.15,0.2,0.01,0.01,0.05,0.10805661,0.988633333
Mg-MOF-74,11.86103,11.05441,0.880186,1475.45,1676.29,0.750625,0.66069,2.00E-05,200,298,1,0.2,0.85,0.15,0.2,0.01,0.01,0.075,0.108041945,0.9886
Mg-MOF-74,11.86103,11.05441,0.880186,1475.45,1676.29,0.750625,0.66069,2.00E-05,200,298,1,0.2,0.85,0.15,0.2,0.01,0.01,0.1,0.108042979,0.988616667
ZIF-8,11.30885,3.43594,0.949262,0,0,0.662483,0.62887,2.00E-05,200,278,1,0.2,0.5,0.5,0.05,0.01,0.01,0.001,0.334219879,0.083315
ZIF-8,11.30885,3.43594,0.949262,0,0,0.662483,0.62887,2.00E-05,200,278,1,0.2,0.5,0.5,0.05,0.01,0.01,0.005,0.71872278,0.37626
ZIF-8,11.30885,3.43594,0.949262,0,0,0.662483,0.62887,2.00E-05,200,278,1,0.2,0.5,0.5,0.05,0.01,0.01,0.01,0.816791343,0.5734545
ZIF-8,11.30885,3.43594,0.949262,0,0,0.662483,0.62887,2.00E-05,200,278,1,0.2,0.5,0.5,0.1,0.01,0.01,0.001,0.365283562,0.17761
ZIF-8,11.30885,3.43594,0.949262,0,0,0.662483,0.62887,2.00E-05,200,278,1,0.2,0.5,0.5,0.1,0.01,0.01,0.005,0.688009063,0.66744
ZIF-8,11.30885,3.43594,0.949262,0,0,0.662483,0.62887,2.00E-05,200,278,1,0.2,0.5,0.5,0.1,0.01,0.01,0.01,0.731750727,0.869565
ZIF-8,11.30885,3.43594,0.949262,0,0,0.662483,0.62887,2.00E-05,200,278,1,0.2,0.5,0.5,0.2,0.01,0.01,0.001,0.414785725,0.387105
ZIF-8,11.30885,3.43594,0.949262,0,0,0.662483,0.62887,2.00E-05,200,278,1,0.2,0.5,0.5,0.2,0.01,0.01,0.005,0.548765868,0.96813
ZIF-8,11.30885,3.43594,0.949262,0,0,0.662483,0.62887,2.00E-05,200,278,1,0.2,0.5,0.5,0.2,0.01,0.01,0.01,0.521712398,0.980055
ZIF-8,11.30885,3.43594,0.949262,0,0,0.662483,0.62887,2.00E-05,200,278,1,0.2,0.7,0.3,0.05,0.01,0.01,0.001,0.179728429,0.084623333
ZIF-8,11.30885,3.43594,0.949262,0,0,0.662483,0.62887,2.00E-05,200,278,1,0.2,0.7,0.3,0.05,0.01,0.01,0.005,0.510666375,0.371819167
ZIF-8,11.30885,3.43594,0.949262,0,0,0.662483,0.62887,2.00E-05,200,278,1,0.2,0.7,0.3,0.05,0.01,0.01,0.01,0.625923588,0.566734167
ZIF-8,11.30885,3.43594,0.949262,0,0,0.662483,0.62887,2.00E-05,200,278,1,0.2,0.7,0.3,0.1,0.01,0.01,0.001,0.19903251,0.180108333
ZIF-8,11.30885,3.43594,0.949262,0,0,0.662483,0.62887,2.00E-05,200,278,1,0.2,0.7,0.3,0.1,0.01,0.01,0.005,0.477915823,0.643358333
ZIF-8,11.30885,3.43594,0.949262,0,0,0.662483,0.62887,2.00E-05,200,278,1,0.2,0.7,0.3,0.1,0.01,0.01,0.01,0.539248719,0.842245833
ZIF-8,11.30885,3.43594,0.949262,0,0,0.662483,0.62887,2.00E-05,200,278,1,0.2,0.7,0.3,0.2,0.01,0.01,0.001,0.232451829,0.40595
ZIF-8,11.30885,3.43594,0.949262,0,0,0.662483,0.62887,2.00E-05,200,278,1,0.2,0.7,0.3,0.2,0.01,0.01,0.005,0.370242512,0.933066667
ZIF-8,11.30885,3.43594,0.949262,0,0,0.662483,0.62887,2.00E-05,200,278,1,0.2,0.7,0.3,0.2,0.01,0.01,0.01,0.365747794,0.968341667
ZIF-8,11.30885,3.43594,0.949262,0,0,0.662483,0.62887,2.00E-05,200,278,1,0.2,0.85,0.15,0.05,0.01,0.01,0.001,0.084865254,0.085366667
ZIF-8,11.30885,3.43594,0.949262,0,0,0.662483,0.62887,2.00E-05,200,278,1,0.2,0.85,0.15,0.05,0.01,0.01,0.005,0.296065851,0.368613333
ZIF-8,11.30885,3.43594,0.949262,0,0,0.662483,0.62887,2.00E-05,200,278,1,0.2,0.85,0.15,0.05,0.01,0.01,0.01,0.393583038,0.55876
ZIF-8,11.30885,3.43594,0.949262,0,0,0.662483,0.62887,2.00E-05,200,278,1,0.2,0.85,0.15,0.1,0.01,0.01,0.001,0.093264294,0.178316667
ZIF-8,11.30885,3.43594,0.949262,0,0,0.662483,0.62887,2.00E-05,200,278,1,0.2,0.85,0.15,0.1,0.01,0.01,0.005,0.271171715,0.627885
ZIF-8,11.30885,3.43594,0.949262,0,0,0.662483,0.62887,2.00E-05,200,278,1,0.2,0.85,0.15,0.1,0.01,0.01,0.01,0.325957116,0.822626667
ZIF-8,11.30885,3.43594,0.949262,0,0,0.662483,0.62887,2.00E-05,200,278,1,0.2,0.85,0.15,0.2,0.01,0.01,0.001,0.11308699,0.423
ZIF-8,11.30885,3.43594,0.949262,0,0,0.662483,0.62887,2.00E-05,200,278,1,0.2,0.85,0.15,0.2,0.01,0.01,0.005,0.204276127,0.908005
ZIF-8,11.30885,3.43594,0.949262,0,0,0.662483,0.62887,2.00E-05,200,278,1,0.2,0.85,0.15,0.2,0.01,0.01,0.01,0.209328419,0.959573333
ZIF-8,11.30885,3.43594,0.949262,0,0,0.662483,0.62887,2.00E-05,200,288,1,0.2,0.5,0.5,0.05,0.01,0.01,0.001,0.298763223,0.05893
ZIF-8,11.30885,3.43594,0.949262,0,0,0.662483,0.62887,2.00E-05,200,288,1,0.2,0.5,0.5,0.05,0.01,0.01,0.005,0.68912313,0.272849
ZIF-8,11.30885,3.43594,0.949262,0,0,0.662483,0.62887,2.00E-05,200,288,1,0.2,0.5,0.5,0.05,0.01,0.01,0.01,0.802124118,0.4233575
ZIF-8,11.30885,3.43594,0.949262,0,0,0.662483,0.62887,2.00E-05,200,288,1,0.2,0.5,0.5,0.1,0.01,0.01,0.001,0.326389396,0.125045
ZIF-8,11.30885,3.43594,0.949262,0,0,0.662483,0.62887,2.00E-05,200,288,1,0.2,0.5,0.5,0.1,0.01,0.01,0.005,0.681318265,0.503485
ZIF-8,11.30885,3.43594,0.949262,0,0,0.662483,0.62887,2.00E-05,200,288,1,0.2,0.5,0.5,0.1,0.01,0.01,0.01,0.764145812,0.72063
ZIF-8,11.30885,3.43594,0.949262,0,0,0.662483,0.62887,2.00E-05,200,288,1,0.2,0.5,0.5,0.2,0.01,0.01,0.001,0.369111996,0.266545
ZIF-8,11.30885,3.43594,0.949262,0,0,0.662483,0.62887,2.00E-05,200,288,1,0.2,0.5,0.5,0.2,0.01,0.01,0.005,0.610696378,0.84219
ZIF-8,11.30885,3.43594,0.949262,0,0,0.662483,0.62887,2.00E-05,200,288,1,0.2,0.5,0.5,0.2,0.01,0.01,0.01,0.607834186,0.945325
ZIF-8,11.30885,3.43594,0.949262,0,0,0.662483,0.62887,2.00E-05,200,288,1,0.2,0.7,0.3,0.05,0.01,0.01,0.001,0.158883005,0.060210833
ZIF-8,11.30885,3.43594,0.949262,0,0,0.662483,0.62887,2.00E-05,200,288,1,0.2,0.7,0.3,0.05,0.01,0.01,0.005,0.479350765,0.271090833
ZIF-8,11.30885,3.43594,0.949262,0,0,0.662483,0.62887,2.00E-05,200,288,1,0.2,0.7,0.3,0.05,0.01,0.01,0.01,0.606568852,0.424610833
ZIF-8,11.30885,3.43594,0.949262,0,0,0.662483,0.62887,2.00E-05,200,288,1,0.2,0.7,0.3,0.1,0.01,0.01,0.001,0.17330526,0.125525
ZIF-8,11.30885,3.43594,0.949262,0,0,0.662483,0.62887,2.00E-05,200,288,1,0.2,0.7,0.3,0.1,0.01,0.01,0.005,0.466719395,0.490270833
ZIF-8,11.30885,3.43594,0.949262,0,0,0.662483,0.62887,2.00E-05,200,288,1,0.2,0.7,0.3,0.1,0.01,0.01,0.01,0.563548784,0.711325833
ZIF-8,11.30885,3.43594,0.949262,0,0,0.662483,0.62887,2.00E-05,200,288,1,0.2,0.7,0.3,0.2,0.01,0.01,0.001,0.199719526,0.27415
ZIF-8,11.30885,3.43594,0.949262,0,0,0.662483,0.62887,2.00E-05,200,288,1,0.2,0.7,0.3,0.2,0.01,0.01,0.005,0.406644028,0.803308333
ZIF-8,11.30885,3.43594,0.949262,0,0,0.662483,0.62887,2.00E-05,200,288,1,0.2,0.7,0.3,0.2,0.01,0.01,0.01,0.427698,0.922808333
ZIF-8,11.30885,3.43594,0.949262,0,0,0.662483,0.62887,2.00E-05,200,288,1,0.2,0.85,0.15,0.05,0.01,0.01,0.001,0.074378464,0.060816667
ZIF-8,11.30885,3.43594,0.949262,0,0,0.662483,0.62887,2.00E-05,200,288,1,0.2,0.85,0.15,0.05,0.01,0.01,0.005,0.2722853,0.26995
ZIF-8,11.30885,3.43594,0.949262,0,0,0.662483,0.62887,2.00E-05,200,288,1,0.2,0.85,0.15,0.05,0.01,0.01,0.01,0.375664798,0.422986667
ZIF-8,11.30885,3.43594,0.949262,0,0,0.662483,0.62887,2.00E-05,200,288,1,0.2,0.85,0.15,0.1,0.01,0.01,0.001,0.080082742,0.123821667
ZIF-8,11.30885,3.43594,0.949262,0,0,0.662483,0.62887,2.00E-05,200,288,1,0.2,0.85,0.15,0.1,0.01,0.01,0.005,0.261258835,0.481818333
ZIF-8,11.30885,3.43594,0.949262,0,0,0.662483,0.62887,2.00E-05,200,288,1,0.2,0.85,0.15,0.1,0.01,0.01,0.01,0.33710534,0.687158333
ZIF-8,11.30885,3.43594,0.949262,0,0,0.662483,0.62887,2.00E-05,200,288,1,0.2,0.85,0.15,0.2,0.01,0.01,0.001,0.094625024,0.28015
ZIF-8,11.30885,3.43594,0.949262,0,0,0.662483,0.62887,2.00E-05,200,288,1,0.2,0.85,0.15,0.2,0.01,0.01,0.005,0.221692073,0.779033333
ZIF-8,11.30885,3.43594,0.949262,0,0,0.662483,0.62887,2.00E-05,200,288,1,0.2,0.85,0.15,0.2,0.01,0.01,0.01,0.245305987,0.90683
ZIF-8,11.30885,3.43594,0.949262,0,0,0.662483,0.62887,2.00E-05,200,298,1,0.2,0.5,0.5,0.05,0.01,0.01,0.001,0.269504818,0.0428355
ZIF-8,11.30885,3.43594,0.949262,0,0,0.662483,0.62887,2.00E-05,200,298,1,0.2,0.5,0.5,0.05,0.01,0.01,0.005,0.657384544,0.200735
ZIF-8,11.30885,3.43594,0.949262,0,0,0.662483,0.62887,2.00E-05,200,298,1,0.2,0.5,0.5,0.05,0.01,0.01,0.01,0.777190613,0.3122305
ZIF-8,11.30885,3.43594,0.949262,0,0,0.662483,0.62887,2.00E-05,200,298,1,0.2,0.5,0.5,0.1,0.01,0.01,0.001,0.289674803,0.088845
ZIF-8,11.30885,3.43594,0.949262,0,0,0.662483,0.62887,2.00E-05,200,298,1,0.2,0.5,0.5,0.1,0.01,0.01,0.005,0.658947497,0.37646
ZIF-8,11.30885,3.43594,0.949262,0,0,0.662483,0.62887,2.00E-05,200,298,1,0.2,0.5,0.5,0.1,0.01,0.01,0.01,0.765142812,0.56043
ZIF-8,11.30885,3.43594,0.949262,0,0,0.662483,0.62887,2.00E-05,200,298,1,0.2,0.5,0.5,0.2,0.01,0.01,0.001,0.326237377,0.18718
ZIF-8,11.30885,3.43594,0.949262,0,0,0.662483,0.62887,2.00E-05,200,298,1,0.2,0.5,0.5,0.2,0.01,0.01,0.005,0.629717927,0.674875
ZIF-8,11.30885,3.43594,0.949262,0,0,0.662483,0.62887,2.00E-05,200,298,1,0.2,0.5,0.5,0.2,0.01,0.01,0.01,0.671815275,0.85946
ZIF-8,11.30885,3.43594,0.949262,0,0,0.662483,0.62887,2.00E-05,200,298,1,0.2,0.7,0.3,0.05,0.01,0.01,0.001,0.141909073,0.043995833
ZIF-8,11.30885,3.43594,0.949262,0,0,0.662483,0.62887,2.00E-05,200,298,1,0.2,0.7,0.3,0.05,0.01,0.01,0.005,0.44712806,0.200260833
ZIF-8,11.30885,3.43594,0.949262,0,0,0.662483,0.62887,2.00E-05,200,298,1,0.2,0.7,0.3,0.05,0.01,0.01,0.01,0.57788046,0.316099167
ZIF-8,11.30885,3.43594,0.949262,0,0,0.662483,0.62887,2.00E-05,200,298,1,0.2,0.7,0.3,0.1,0.01,0.01,0.001,0.15134356,0.089425
ZIF-8,11.30885,3.43594,0.949262,0,0,0.662483,0.62887,2.00E-05,200,298,1,0.2,0.7,0.3,0.1,0.01,0.01,0.005,0.44353646,0.36962
ZIF-8,11.30885,3.43594,0.949262,0,0,0.662483,0.62887,2.00E-05,200,298,1,0.2,0.7,0.3,0.1,0.01,0.01,0.01,0.557756451,0.554338333
ZIF-8,11.30885,3.43594,0.949262,0,0,0.662483,0.62887,2.00E-05,200,298,1,0.2,0.7,0.3,0.2,0.01,0.01,0.001,0.172103521,0.190633333
ZIF-8,11.30885,3.43594,0.949262,0,0,0.662483,0.62887,2.00E-05,200,298,1,0.2,0.7,0.3,0.2,0.01,0.01,0.005,0.413893825,0.648275
ZIF-8,11.30885,3.43594,0.949262,0,0,0.662483,0.62887,2.00E-05,200,298,1,0.2,0.7,0.3,0.2,0.01,0.01,0.01,0.470058863,0.831239167
ZIF-8,11.30885,3.43594,0.949262,0,0,0.662483,0.62887,2.00E-05,200,298,1,0.2,0.85,0.15,0.05,0.01,0.01,0.001,0.0664008,0.044816667
ZIF-8,11.30885,3.43594,0.949262,0,0,0.662483,0.62887,2.00E-05,200,298,1,0.2,0.85,0.15,0.05,0.01,0.01,0.005,0.248622338,0.199716667
ZIF-8,11.30885,3.43594,0.949262,0,0,0.662483,0.62887,2.00E-05,200,298,1,0.2,0.85,0.15,0.05,0.01,0.01,0.01,0.351303601,0.317478333
ZIF-8,11.30885,3.43594,0.949262,0,0,0.662483,0.62887,2.00E-05,200,298,1,0.2,0.85,0.15,0.1,0.01,0.01,0.001,0.070291659,0.08959
ZIF-8,11.30885,3.43594,0.949262,0,0,0.662483,0.62887,2.00E-05,200,298,1,0.2,0.85,0.15,0.1,0.01,0.01,0.005,0.244008283,0.365483333
ZIF-8,11.30885,3.43594,0.949262,0,0,0.662483,0.62887,2.00E-05,200,298,1,0.2,0.85,0.15,0.1,0.01,0.01,0.01,0.330754523,0.548091667
ZIF-8,11.30885,3.43594,0.949262,0,0,0.662483,0.62887,2.00E-05,200,298,1,0.2,0.85,0.15,0.2,0.01,0.01,0.001,0.082586383,0.199016667
ZIF-8,11.30885,3.43594,0.949262,0,0,0.662483,0.62887,2.00E-05,200,298,1,0.2,0.85,0.15,0.2,0.01,0.01,0.005,0.223288502,0.631716667
ZIF-8,11.30885,3.43594,0.949262,0,0,0.662483,0.62887,2.00E-05,200,298,1,0.2,0.85,0.15,0.2,0.01,0.01,0.01,0.268458109,0.812735
Cu-BTC,6.24099,1.09012,0.879,0,0,0.23991,0.39891,2.00E-05,300,278,1,0.2,0.5,0.5,0.05,0.01,0.01,0.005,0.619840954,0.990156667
Cu-BTC,6.24099,1.09012,0.879,0,0,0.23991,0.39891,2.00E-05,300,278,1,0.2,0.5,0.5,0.05,0.01,0.01,0.01,0.60474555,0.991353333
Cu-BTC,6.24099,1.09012,0.879,0,0,0.23991,0.39891,2.00E-05,300,278,1,0.2,0.5,0.5,0.05,0.01,0.01,0.02,0.60159419,0.991216667
Cu-BTC,6.24099,1.09012,0.879,0,0,0.23991,0.39891,2.00E-05,300,278,1,0.2,0.5,0.5,0.15,0.01,0.01,0.005,0.285839281,0.9953
Cu-BTC,6.24099,1.09012,0.879,0,0,0.23991,0.39891,2.00E-05,300,278,1,0.2,0.5,0.5,0.15,0.01,0.01,0.01,0.285121714,0.990273333
Cu-BTC,6.24099,1.09012,0.879,0,0,0.23991,0.39891,2.00E-05,300,278,1,0.2,0.5,0.5,0.15,0.01,0.01,0.02,0.28646007,0.988066667
Cu-BTC,6.24099,1.09012,0.879,0,0,0.23991,0.39891,2.00E-05,300,278,1,0.2,0.5,0.5,0.3,0.01,0.01,0.005,0.153657998,0.996733333
Cu-BTC,6.24099,1.09012,0.879,0,0,0.23991,0.39891,2.00E-05,300,278,1,0.2,0.5,0.5,0.3,0.01,0.01,0.01,0.152996526,0.98838
Cu-BTC,6.24099,1.09012,0.879,0,0,0.23991,0.39891,2.00E-05,300,278,1,0.2,0.5,0.5,0.3,0.01,0.01,0.02,0.15304058,0.984373333
Cu-BTC,6.24099,1.09012,0.879,0,0,0.23991,0.39891,2.00E-05,300,278,1,0.2,0.7,0.3,0.05,0.01,0.01,0.005,0.464759903,0.985172222
Cu-BTC,6.24099,1.09012,0.879,0,0,0.23991,0.39891,2.00E-05,300,278,1,0.2,0.7,0.3,0.05,0.01,0.01,0.01,0.456705408,0.991322222
Cu-BTC,6.24099,1.09012,0.879,0,0,0.23991,0.39891,2.00E-05,300,278,1,0.2,0.7,0.3,0.05,0.01,0.01,0.02,0.453170254,0.99182
Cu-BTC,6.24099,1.09012,0.879,0,0,0.23991,0.39891,2.00E-05,300,278,1,0.2,0.7,0.3,0.15,0.01,0.01,0.005,0.192436681,0.994272222
Cu-BTC,6.24099,1.09012,0.879,0,0,0.23991,0.39891,2.00E-05,300,278,1,0.2,0.7,0.3,0.15,0.01,0.01,0.01,0.191827735,0.990822222
Cu-BTC,6.24099,1.09012,0.879,0,0,0.23991,0.39891,2.00E-05,300,278,1,0.2,0.7,0.3,0.15,0.01,0.01,0.02,0.192345495,0.989361111
Cu-BTC,6.24099,1.09012,0.879,0,0,0.23991,0.39891,2.00E-05,300,278,1,0.2,0.7,0.3,0.3,0.01,0.01,0.005,0.098547034,0.99465
Cu-BTC,6.24099,1.09012,0.879,0,0,0.23991,0.39891,2.00E-05,300,278,1,0.2,0.7,0.3,0.3,0.01,0.01,0.01,0.098274404,0.988922222
Cu-BTC,6.24099,1.09012,0.879,0,0,0.23991,0.39891,2.00E-05,300,278,1,0.2,0.7,0.3,0.3,0.01,0.01,0.02,0.098324829,0.98605
Cu-BTC,6.24099,1.09012,0.879,0,0,0.23991,0.39891,2.00E-05,300,278,1,0.2,0.85,0.15,0.05,0.01,0.01,0.005,0.284213639,0.98049
Cu-BTC,6.24099,1.09012,0.879,0,0,0.23991,0.39891,2.00E-05,300,278,1,0.2,0.85,0.15,0.05,0.01,0.01,0.01,0.282126816,0.990705556
Cu-BTC,6.24099,1.09012,0.879,0,0,0.23991,0.39891,2.00E-05,300,278,1,0.2,0.85,0.15,0.05,0.01,0.01,0.02,0.28126259,0.992092222
Cu-BTC,6.24099,1.09012,0.879,0,0,0.23991,0.39891,2.00E-05,300,278,1,0.2,0.85,0.15,0.15,0.01,0.01,0.005,0.105782763,0.993866667
Cu-BTC,6.24099,1.09012,0.879,0,0,0.23991,0.39891,2.00E-05,300,278,1,0.2,0.85,0.15,0.15,0.01,0.01,0.01,0.105317777,0.991166667
Cu-BTC,6.24099,1.09012,0.879,0,0,0.23991,0.39891,2.00E-05,300,278,1,0.2,0.85,0.15,0.15,0.01,0.01,0.02,0.105314776,0.99006
Cu-BTC,6.24099,1.09012,0.879,0,0,0.23991,0.39891,2.00E-05,300,278,1,0.2,0.85,0.15,0.3,0.01,0.01,0.005,0.051990007,0.994033333
Cu-BTC,6.24099,1.09012,0.879,0,0,0.23991,0.39891,2.00E-05,300,278,1,0.2,0.85,0.15,0.3,0.01,0.01,0.01,0.051810016,0.989311111
Cu-BTC,6.24099,1.09012,0.879,0,0,0.23991,0.39891,2.00E-05,300,278,1,0.2,0.85,0.15,0.3,0.01,0.01,0.02,0.051762918,0.987022222
Cu-BTC,6.24099,1.09012,0.879,0,0,0.23991,0.39891,2.00E-05,200,278,1,0.2,0.5,0.5,0.05,0.01,0.01,0.005,0.64198112,0.982
Cu-BTC,6.24099,1.09012,0.879,0,0,0.23991,0.39891,2.50E-05,200,278,1,0.2,0.5,0.5,0.05,0.01,0.01,0.01,0.614360922,0.988664
Cu-BTC,6.24099,1.09012,0.879,0,0,0.23991,0.39891,2.50E-05,200,278,1,0.2,0.5,0.5,0.05,0.01,0.01,0.02,0.605074547,0.989096
Cu-BTC,6.24099,1.09012,0.879,0,0,0.23991,0.39891,2.50E-05,200,278,1,0.2,0.5,0.5,0.15,0.01,0.01,0.005,0.296610028,0.993468
Cu-BTC,6.24099,1.09012,0.879,0,0,0.23991,0.39891,2.50E-05,200,278,1,0.2,0.5,0.5,0.15,0.01,0.01,0.01,0.291902534,0.987992
Cu-BTC,6.24099,1.09012,0.879,0,0,0.23991,0.39891,2.50E-05,200,278,1,0.2,0.5,0.5,0.15,0.01,0.01,0.02,0.291279122,0.9856
Cu-BTC,6.24099,1.09012,0.879,0,0,0.23991,0.39891,2.50E-05,200,278,1,0.2,0.5,0.5,0.3,0.01,0.01,0.005,0.157315098,0.99476
Cu-BTC,6.24099,1.09012,0.879,0,0,0.23991,0.39891,2.50E-05,200,278,1,0.2,0.5,0.5,0.3,0.01,0.01,0.01,0.158692041,0.98596
Cu-BTC,6.24099,1.09012,0.879,0,0,0.23991,0.39891,2.50E-05,200,278,1,0.2,0.5,0.5,0.3,0.01,0.01,0.02,0.1574441,0.981504
Cu-BTC,6.24099,1.09012,0.879,0,0,0.23991,0.39891,2.50E-05,200,278,1,0.2,0.7,0.3,0.05,0.01,0.01,0.005,0.478595862,0.971913333
Cu-BTC,6.24099,1.09012,0.879,0,0,0.23991,0.39891,2.50E-05,200,278,1,0.2,0.7,0.3,0.05,0.01,0.01,0.01,0.465292297,0.988113333
Cu-BTC,6.24099,1.09012,0.879,0,0,0.23991,0.39891,2.50E-05,200,278,1,0.2,0.7,0.3,0.05,0.01,0.01,0.02,0.459599695,0.989698
Cu-BTC,6.24099,1.09012,0.879,0,0,0.23991,0.39891,2.50E-05,200,278,1,0.2,0.7,0.3,0.15,0.01,0.01,0.005,0.197971211,0.992333333
Cu-BTC,6.24099,1.09012,0.879,0,0,0.23991,0.39891,2.50E-05,200,278,1,0.2,0.7,0.3,0.15,0.01,0.01,0.01,0.195697727,0.988706667
Cu-BTC,6.24099,1.09012,0.879,0,0,0.23991,0.39891,2.50E-05,200,278,1,0.2,0.7,0.3,0.15,0.01,0.01,0.02,0.195025273,0.98698
Cu-BTC,6.24099,1.09012,0.879,0,0,0.23991,0.39891,2.50E-05,200,278,1,0.2,0.7,0.3,0.3,0.01,0.01,0.005,0.103209319,0.992713333
Cu-BTC,6.24099,1.09012,0.879,0,0,0.23991,0.39891,2.50E-05,200,278,1,0.2,0.7,0.3,0.3,0.01,0.01,0.01,0.101659914,0.98652
Cu-BTC,6.24099,1.09012,0.879,0,0,0.23991,0.39891,2.50E-05,200,278,1,0.2,0.7,0.3,0.3,0.01,0.01,0.02,0.101373478,0.983366667
Cu-BTC,6.24099,1.09012,0.879,0,0,0.23991,0.39891,2.50E-05,200,278,1,0.2,0.85,0.15,0.05,0.01,0.01,0.005,0.290383811,0.962773333
Cu-BTC,6.24099,1.09012,0.879,0,0,0.23991,0.39891,2.50E-05,200,278,1,0.2,0.85,0.15,0.05,0.01,0.01,0.01,0.28964284,0.987177333
Cu-BTC,6.24099,1.09012,0.879,0,0,0.23991,0.39891,2.50E-05,200,278,1,0.2,0.85,0.15,0.05,0.01,0.01,0.02,0.287198798,0.98998
Cu-BTC,6.24099,1.09012,0.879,0,0,0.23991,0.39891,2.50E-05,200,278,1,0.2,0.85,0.15,0.15,0.01,0.01,0.005,0.108460347,0.993213333
Cu-BTC,6.24099,1.09012,0.879,0,0,0.23991,0.39891,2.50E-05,200,278,1,0.2,0.85,0.15,0.15,0.01,0.01,0.01,0.107319438,0.98892
Cu-BTC,6.24099,1.09012,0.879,0,0,0.23991,0.39891,2.50E-05,200,278,1,0.2,0.85,0.15,0.15,0.01,0.01,0.02,0.107083746,0.987741333
Cu-BTC,6.24099,1.09012,0.879,0,0,0.23991,0.39891,2.50E-05,200,278,1,0.2,0.85,0.15,0.3,0.01,0.01,0.005,0.053943437,0.992013333
Cu-BTC,6.24099,1.09012,0.879,0,0,0.23991,0.39891,2.50E-05,200,278,1,0.2,0.85,0.15,0.3,0.01,0.01,0.01,0.053598544,0.98692
Cu-BTC,6.24099,1.09012,0.879,0,0,0.23991,0.39891,2.50E-05,200,278,1,0.2,0.85,0.15,0.3,0.01,0.01,0.02,0.053465817,0.984413333
Cu-BTC,6.24099,1.09012,0.879,0,0,0.23991,0.39891,3.00E-05,200,278,1,0.2,0.5,0.5,0.05,0.01,0.01,0.005,0.702766356,0.966793333
Cu-BTC,6.24099,1.09012,0.879,0,0,0.23991,0.39891,3.00E-05,200,278,1,0.2,0.5,0.5,0.05,0.01,0.01,0.01,0.67021849,0.988143333
Cu-BTC,6.24099,1.09012,0.879,0,0,0.23991,0.39891,3.00E-05,200,278,1,0.2,0.5,0.5,0.05,0.01,0.01,0.02,0.65658893,0.98981
Cu-BTC,6.24099,1.09012,0.879,0,0,0.23991,0.39891,3.00E-05,200,278,1,0.2,0.5,0.5,0.15,0.01,0.01,0.005,0.339205875,0.992853333
Cu-BTC,6.24099,1.09012,0.879,0,0,0.23991,0.39891,3.00E-05,200,278,1,0.2,0.5,0.5,0.15,0.01,0.01,0.01,0.330725984,0.988676667
Cu-BTC,6.24099,1.09012,0.879,0,0,0.23991,0.39891,3.00E-05,200,278,1,0.2,0.5,0.5,0.15,0.01,0.01,0.02,0.328972582,0.98658
Cu-BTC,6.24099,1.09012,0.879,0,0,0.23991,0.39891,3.00E-05,200,278,1,0.2,0.5,0.5,0.3,0.01,0.01,0.005,0.185815108,0.993466667
Cu-BTC,6.24099,1.09012,0.879,0,0,0.23991,0.39891,3.00E-05,200,278,1,0.2,0.5,0.5,0.3,0.01,0.01,0.01,0.182118835,0.986813333
Cu-BTC,6.24099,1.09012,0.879,0,0,0.23991,0.39891,3.00E-05,200,278,1,0.2,0.5,0.5,0.3,0.01,0.01,0.02,0.182366063,0.98324
Cu-BTC,6.24099,1.09012,0.879,0,0,0.23991,0.39891,3.00E-05,200,278,1,0.2,0.7,0.3,0.05,0.01,0.01,0.005,0.533205074,0.946927778
Cu-BTC,6.24099,1.09012,0.879,0,0,0.23991,0.39891,3.00E-05,200,278,1,0.2,0.7,0.3,0.05,0.01,0.01,0.01,0.521316936,0.986033333
Cu-BTC,6.24099,1.09012,0.879,0,0,0.23991,0.39891,3.00E-05,200,278,1,0.2,0.7,0.3,0.05,0.01,0.01,0.02,0.513294965,0.99088
Cu-BTC,6.24099,1.09012,0.879,0,0,0.23991,0.39891,3.00E-05,200,278,1,0.2,0.7,0.3,0.15,0.01,0.01,0.005,0.229756526,0.991944444
Cu-BTC,6.24099,1.09012,0.879,0,0,0.23991,0.39891,3.00E-05,200,278,1,0.2,0.7,0.3,0.15,0.01,0.01,0.01,0.226228871,0.98905
Cu-BTC,6.24099,1.09012,0.879,0,0,0.23991,0.39891,3.00E-05,200,278,1,0.2,0.7,0.3,0.15,0.01,0.01,0.02,0.225017021,0.987822222
Cu-BTC,6.24099,1.09012,0.879,0,0,0.23991,0.39891,3.00E-05,200,278,1,0.2,0.7,0.3,0.3,0.01,0.01,0.005,0.119404871,0.992394444
Cu-BTC,6.24099,1.09012,0.879,0,0,0.23991,0.39891,3.00E-05,200,278,1,0.2,0.7,0.3,0.3,0.01,0.01,0.01,0.118231887,0.987372222
Cu-BTC,6.24099,1.09012,0.879,0,0,0.23991,0.39891,3.00E-05,200,278,1,0.2,0.7,0.3,0.3,0.01,0.01,0.02,0.117852769,0.9848
Cu-BTC,6.24099,1.09012,0.879,0,0,0.23991,0.39891,3.00E-05,200,278,1,0.2,0.85,0.15,0.05,0.01,0.01,0.005,0.328826424,0.930922222
Cu-BTC,6.24099,1.09012,0.879,0,0,0.23991,0.39891,3.00E-05,200,278,1,0.2,0.85,0.15,0.05,0.01,0.01,0.01,0.333206787,0.983017778
Cu-BTC,6.24099,1.09012,0.879,0,0,0.23991,0.39891,3.00E-05,200,278,1,0.2,0.85,0.15,0.05,0.01,0.01,0.02,0.330390167,0.990021111
Cu-BTC,6.24099,1.09012,0.879,0,0,0.23991,0.39891,3.00E-05,200,278,1,0.2,0.85,0.15,0.15,0.01,0.01,0.005,0.127768877,0.991533333
Cu-BTC,6.24099,1.09012,0.879,0,0,0.23991,0.39891,3.00E-05,200,278,1,0.2,0.85,0.15,0.15,0.01,0.01,0.01,0.126544197,0.989411111
Cu-BTC,6.24099,1.09012,0.879,0,0,0.23991,0.39891,3.00E-05,200,278,1,0.2,0.85,0.15,0.15,0.01,0.01,0.02,0.12605269,0.988515556
Cu-BTC,6.24099,1.09012,0.879,0,0,0.23991,0.39891,3.00E-05,200,278,1,0.2,0.85,0.15,0.3,0.01,0.01,0.005,0.063208071,0.991866667
Cu-BTC,6.24099,1.09012,0.879,0,0,0.23991,0.39891,3.00E-05,200,278,1,0.2,0.85,0.15,0.3,0.01,0.01,0.01,0.062773189,0.987733333
Cu-BTC,6.24099,1.09012,0.879,0,0,0.23991,0.39891,3.00E-05,200,278,1,0.2,0.85,0.15,0.3,0.01,0.01,0.02,0.062618229,0.985711111
Ni-MOF-74,2.88311,1.27053,1.71067,0,0,0.226578,0.3876,2.00E-05,300,278,1,0.2,0.5,0.5,0.2,0.01,0.01,0.005,0.149908546,0.9917
Ni-MOF-74,2.88311,1.27053,1.71067,0,0,0.226578,0.3876,2.00E-05,300,278,1,0.2,0.5,0.5,0.2,0.01,0.01,0.01,0.149456265,0.986003333
Ni-MOF-74,2.88311,1.27053,1.71067,0,0,0.226578,0.3876,2.00E-05,300,278,1,0.2,0.5,0.5,0.2,0.01,0.01,0.02,0.149875976,0.982866667
Ni-MOF-74,2.88311,1.27053,1.71067,0,0,0.226578,0.3876,2.00E-05,300,278,1,0.2,0.5,0.5,0.25,0.01,0.01,0.005,0.120469921,0.991266667
Ni-MOF-74,2.88311,1.27053,1.71067,0,0,0.226578,0.3876,2.00E-05,300,278,1,0.2,0.5,0.5,0.25,0.01,0.01,0.01,0.119733241,0.984466667
Ni-MOF-74,2.88311,1.27053,1.71067,0,0,0.226578,0.3876,2.00E-05,300,278,1,0.2,0.5,0.5,0.25,0.01,0.01,0.02,0.119739101,0.980803333
Ni-MOF-74,2.88311,1.27053,1.71067,0,0,0.226578,0.3876,2.00E-05,300,278,1,0.2,0.5,0.5,0.3,0.01,0.01,0.005,0.099097897,0.9905
Ni-MOF-74,2.88311,1.27053,1.71067,0,0,0.226578,0.3876,2.00E-05,300,278,1,0.2,0.5,0.5,0.3,0.01,0.01,0.01,0.098491607,0.982896667
Ni-MOF-74,2.88311,1.27053,1.71067,0,0,0.226578,0.3876,2.00E-05,300,278,1,0.2,0.5,0.5,0.3,0.01,0.01,0.02,0.098586613,0.97883
Ni-MOF-74,2.88311,1.27053,1.71067,0,0,0.226578,0.3876,2.00E-05,300,278,1,0.2,0.7,0.3,0.2,0.01,0.01,0.005,0.095571028,0.991261111
Ni-MOF-74,2.88311,1.27053,1.71067,0,0,0.226578,0.3876,2.00E-05,300,278,1,0.2,0.7,0.3,0.2,0.01,0.01,0.01,0.095395293,0.987172222
Ni-MOF-74,2.88311,1.27053,1.71067,0,0,0.226578,0.3876,2.00E-05,300,278,1,0.2,0.7,0.3,0.2,0.01,0.01,0.02,0.095517884,0.985072222
Ni-MOF-74,2.88311,1.27053,1.71067,0,0,0.226578,0.3876,2.00E-05,300,278,1,0.2,0.7,0.3,0.25,0.01,0.01,0.005,0.076043474,0.990577778
Ni-MOF-74,2.88311,1.27053,1.71067,0,0,0.226578,0.3876,2.00E-05,300,278,1,0.2,0.7,0.3,0.25,0.01,0.01,0.01,0.075714593,0.985733333
Ni-MOF-74,2.88311,1.27053,1.71067,0,0,0.226578,0.3876,2.00E-05,300,278,1,0.2,0.7,0.3,0.25,0.01,0.01,0.02,0.075730793,0.983216667
Ni-MOF-74,2.88311,1.27053,1.71067,0,0,0.226578,0.3876,2.00E-05,300,278,1,0.2,0.7,0.3,0.3,0.01,0.01,0.005,0.062738542,0.989933333
Ni-MOF-74,2.88311,1.27053,1.71067,0,0,0.226578,0.3876,2.00E-05,300,278,1,0.2,0.7,0.3,0.3,0.01,0.01,0.01,0.062587862,0.984422222
Ni-MOF-74,2.88311,1.27053,1.71067,0,0,0.226578,0.3876,2.00E-05,300,278,1,0.2,0.7,0.3,0.3,0.01,0.01,0.02,0.062106259,0.981455556
Ni-MOF-74,2.88311,1.27053,1.71067,0,0,0.226578,0.3876,2.00E-05,300,278,1,0.2,0.85,0.15,0.2,0.01,0.01,0.005,0.050014102,0.991077778
Ni-MOF-74,2.88311,1.27053,1.71067,0,0,0.226578,0.3876,2.00E-05,300,278,1,0.2,0.85,0.15,0.2,0.01,0.01,0.01,0.04990074,0.987855556
Ni-MOF-74,2.88311,1.27053,1.71067,0,0,0.226578,0.3876,2.00E-05,300,278,1,0.2,0.85,0.15,0.2,0.01,0.01,0.02,0.049888044,0.986266667
Ni-MOF-74,2.88311,1.27053,1.71067,0,0,0.226578,0.3876,2.00E-05,300,278,1,0.2,0.85,0.15,0.25,0.01,0.01,0.005,0.039583198,0.990377778
Ni-MOF-74,2.88311,1.27053,1.71067,0,0,0.226578,0.3876,2.00E-05,300,278,1,0.2,0.85,0.15,0.25,0.01,0.01,0.01,0.039360375,0.9865
Ni-MOF-74,2.88311,1.27053,1.71067,0,0,0.226578,0.3876,2.00E-05,300,278,1,0.2,0.85,0.15,0.25,0.01,0.01,0.02,0.039369701,0.984566667
Ni-MOF-74,2.88311,1.27053,1.71067,0,0,0.226578,0.3876,2.00E-05,300,278,1,0.2,0.85,0.15,0.3,0.01,0.01,0.005,0.032519634,0.9897
Ni-MOF-74,2.88311,1.27053,1.71067,0,0,0.226578,0.3876,2.00E-05,300,278,1,0.2,0.85,0.15,0.3,0.01,0.01,0.01,0.032389563,0.985244444
Ni-MOF-74,2.88311,1.27053,1.71067,0,0,0.226578,0.3876,2.00E-05,300,278,1,0.2,0.85,0.15,0.3,0.01,0.01,0.02,0.032351726,0.983
Ni-MOF-74,2.88311,1.27053,1.71067,0,0,0.226578,0.3876,2.50E-05,200,278,1,0.2,0.5,0.5,0.2,0.01,0.01,0.005,0.152609401,0.98944
Ni-MOF-74,2.88311,1.27053,1.71067,0,0,0.226578,0.3876,2.50E-05,200,278,1,0.2,0.5,0.5,0.2,0.01,0.01,0.01,0.15366247,0.98328
Ni-MOF-74,2.88311,1.27053,1.71067,0,0,0.226578,0.3876,2.50E-05,200,278,1,0.2,0.5,0.5,0.2,0.01,0.01,0.02,0.150593704,0.9796
Ni-MOF-74,2.88311,1.27053,1.71067,0,0,0.226578,0.3876,2.50E-05,200,278,1,0.2,0.5,0.5,0.25,0.01,0.01,0.005,0.125741376,0.9888
Ni-MOF-74,2.88311,1.27053,1.71067,0,0,0.226578,0.3876,2.50E-05,200,278,1,0.2,0.5,0.5,0.25,0.01,0.01,0.01,0.120927436,0.98136
Ni-MOF-74,2.88311,1.27053,1.71067,0,0,0.226578,0.3876,2.50E-05,200,278,1,0.2,0.5,0.5,0.25,0.01,0.01,0.02,0.118929304,0.977048
Ni-MOF-74,2.88311,1.27053,1.71067,0,0,0.226578,0.3876,2.50E-05,200,278,1,0.2,0.5,0.5,0.3,0.01,0.01,0.005,0.075581977,0.912448
Ni-MOF-74,2.88311,1.27053,1.71067,0,0,0.226578,0.3876,2.50E-05,200,278,1,0.2,0.5,0.5,0.3,0.01,0.01,0.01,0.07001421,0.8745568
Ni-MOF-74,2.88311,1.27053,1.71067,0,0,0.226578,0.3876,2.50E-05,200,278,1,0.2,0.5,0.5,0.3,0.01,0.01,0.02,0.06853119,0.8701232
Ni-MOF-74,2.88311,1.27053,1.71067,0,0,0.226578,0.3876,2.50E-05,200,278,1,0.2,0.7,0.3,0.2,0.01,0.01,0.005,0.096868785,0.5933
Ni-MOF-74,2.88311,1.27053,1.71067,0,0,0.226578,0.3876,2.50E-05,200,278,1,0.2,0.7,0.3,0.2,0.01,0.01,0.02,0.095881512,0.982013333
Ni-MOF-74,2.88311,1.27053,1.71067,0,0,0.226578,0.3876,2.50E-05,200,278,1,0.2,0.7,0.3,0.25,0.01,0.01,0.005,0.078369468,0.988293333
Ni-MOF-74,2.88311,1.27053,1.71067,0,0,0.226578,0.3876,2.50E-05,200,278,1,0.2,0.7,0.3,0.25,0.01,0.01,0.01,0.077707591,0.9829
Ni-MOF-74,2.88311,1.27053,1.71067,0,0,0.226578,0.3876,2.50E-05,200,278,1,0.2,0.7,0.3,0.25,0.01,0.01,0.02,0.076355998,0.97996
Ni-MOF-74,2.88311,1.27053,1.71067,0,0,0.226578,0.3876,2.50E-05,200,278,1,0.2,0.7,0.3,0.3,0.01,0.01,0.005,0.063762352,0.98738
Ni-MOF-74,2.88311,1.27053,1.71067,0,0,0.226578,0.3876,2.50E-05,200,278,1,0.2,0.7,0.3,0.3,0.01,0.01,0.01,0.04507013,0.908386667
Ni-MOF-74,2.88311,1.27053,1.71067,0,0,0.226578,0.3876,2.50E-05,200,278,1,0.2,0.7,0.3,0.3,0.01,0.01,0.02,0.042104774,0.8703994
Ni-MOF-74,2.88311,1.27053,1.71067,0,0,0.226578,0.3876,2.50E-05,200,278,1,0.2,0.85,0.15,0.2,0.01,0.01,0.005,0.051396331,0.988666667
Ni-MOF-74,2.88311,1.27053,1.71067,0,0,0.226578,0.3876,2.50E-05,200,278,1,0.2,0.85,0.15,0.2,0.01,0.01,0.01,0.051101251,0.985226667
Ni-MOF-74,2.88311,1.27053,1.71067,0,0,0.226578,0.3876,2.50E-05,200,278,1,0.2,0.85,0.15,0.2,0.01,0.01,0.02,0.051002833,0.983506667
Ni-MOF-74,2.88311,1.27053,1.71067,0,0,0.226578,0.3876,2.50E-05,200,278,1,0.2,0.85,0.15,0.25,0.01,0.01,0.005,0.040003196,0.987826667
Ni-MOF-74,2.88311,1.27053,1.71067,0,0,0.226578,0.3876,2.50E-05,200,278,1,0.2,0.85,0.15,0.25,0.01,0.01,0.01,0.040423853,0.983733333
Ni-MOF-74,2.88311,1.27053,1.71067,0,0,0.226578,0.3876,2.50E-05,200,278,1,0.2,0.85,0.15,0.25,0.01,0.01,0.02,0.040339756,0.98164
Ni-MOF-74,2.88311,1.27053,1.71067,0,0,0.226578,0.3876,2.50E-05,200,278,1,0.2,0.85,0.15,0.3,0.01,0.01,0.005,0.033491771,0.987226667
Ni-MOF-74,2.88311,1.27053,1.71067,0,0,0.226578,0.3876,2.50E-05,200,278,1,0.2,0.85,0.15,0.3,0.01,0.01,0.01,0.033288964,0.982346667
Ni-MOF-74,2.88311,1.27053,1.71067,0,0,0.226578,0.3876,2.50E-05,200,278,1,0.2,0.85,0.15,0.3,0.01,0.01,0.02,0.03319239,0.979893333
Ni-MOF-74,2.88311,1.27053,1.71067,0,0,0.226578,0.3876,3.00E-05,200,278,1,0.2,0.5,0.5,0.2,0.01,0.01,0.005,0.180505064,0.989733333
Ni-MOF-74,2.88311,1.27053,1.71067,0,0,0.226578,0.3876,3.00E-05,200,278,1,0.2,0.5,0.5,0.2,0.01,0.01,0.01,0.178351547,0.984746667
Ni-MOF-74,2.88311,1.27053,1.71067,0,0,0.226578,0.3876,3.00E-05,200,278,1,0.2,0.5,0.5,0.2,0.01,0.01,0.02,0.173013788,0.981613333
Ni-MOF-74,2.88311,1.27053,1.71067,0,0,0.226578,0.3876,3.00E-05,200,278,1,0.2,0.5,0.5,0.25,0.01,0.01,0.005,0.14121903,0.988933333
Ni-MOF-74,2.88311,1.27053,1.71067,0,0,0.226578,0.3876,3.00E-05,200,278,1,0.2,0.5,0.5,0.25,0.01,0.01,0.01,0.139987326,0.983016667
Ni-MOF-74,2.88311,1.27053,1.71067,0,0,0.226578,0.3876,3.00E-05,200,278,1,0.2,0.5,0.5,0.25,0.01,0.01,0.02,0.139054173,0.979653333
Ni-MOF-74,2.88311,1.27053,1.71067,0,0,0.226578,0.3876,3.00E-05,200,278,1,0.2,0.5,0.5,0.3,0.01,0.01,0.005,0.081883073,0.899016667
Ni-MOF-74,2.88311,1.27053,1.71067,0,0,0.226578,0.3876,3.00E-05,200,278,1,0.2,0.5,0.5,0.3,0.01,0.01,0.01,0.080935004,0.895553667
Ni-MOF-74,2.88311,1.27053,1.71067,0,0,0.226578,0.3876,3.00E-05,200,278,1,0.2,0.5,0.5,0.3,0.01,0.01,0.02,0.080157891,0.891509333
Ni-MOF-74,2.88311,1.27053,1.71067,0,0,0.226578,0.3876,3.00E-05,200,278,1,0.2,0.7,0.3,0.2,0.01,0.01,0.005,0.115332183,0.989361111
Ni-MOF-74,2.88311,1.27053,1.71067,0,0,0.226578,0.3876,3.00E-05,200,278,1,0.2,0.7,0.3,0.2,0.01,0.01,0.01,0.114164629,0.985794444
Ni-MOF-74,2.88311,1.27053,1.71067,0,0,0.226578,0.3876,3.00E-05,200,278,1,0.2,0.7,0.3,0.2,0.01,0.01,0.02,0.112310752,0.983822222
Ni-MOF-74,2.88311,1.27053,1.71067,0,0,0.226578,0.3876,3.00E-05,200,278,1,0.2,0.7,0.3,0.25,0.01,0.01,0.005,0.092008809,0.988777778
Ni-MOF-74,2.88311,1.27053,1.71067,0,0,0.226578,0.3876,3.00E-05,200,278,1,0.2,0.7,0.3,0.25,0.01,0.01,0.01,0.091124597,0.984488889
Ni-MOF-74,2.88311,1.27053,1.71067,0,0,0.226578,0.3876,3.00E-05,200,278,1,0.2,0.7,0.3,0.25,0.01,0.01,0.02,0.09034835,0.9822
Ni-MOF-74,2.88311,1.27053,1.71067,0,0,0.226578,0.3876,3.00E-05,200,278,1,0.2,0.7,0.3,0.3,0.01,0.01,0.005,0.074368256,0.988038889
Ni-MOF-74,2.88311,1.27053,1.71067,0,0,0.226578,0.3876,3.00E-05,200,278,1,0.2,0.7,0.3,0.3,0.01,0.01,0.01,0.073190163,0.982983333
Ni-MOF-74,2.88311,1.27053,1.71067,0,0,0.226578,0.3876,3.00E-05,200,278,1,0.2,0.7,0.3,0.3,0.01,0.01,0.02,0.073238269,0.980383333
Ni-MOF-74,2.88311,1.27053,1.71067,0,0,0.226578,0.3876,3.00E-05,200,278,1,0.2,0.85,0.15,0.2,0.01,0.01,0.005,0.060510929,0.989233333
Ni-MOF-74,2.88311,1.27053,1.71067,0,0,0.226578,0.3876,3.00E-05,200,278,1,0.2,0.85,0.15,0.2,0.01,0.01,0.01,0.060131356,0.986455556
Ni-MOF-74,2.88311,1.27053,1.71067,0,0,0.226578,0.3876,3.00E-05,200,278,1,0.2,0.85,0.15,0.2,0.01,0.01,0.02,0.059985372,0.985077778
Ni-MOF-74,2.88311,1.27053,1.71067,0,0,0.226578,0.3876,3.00E-05,200,278,1,0.2,0.85,0.15,0.25,0.01,0.01,0.005,0.047952433,0.988577778
Ni-MOF-74,2.88311,1.27053,1.71067,0,0,0.226578,0.3876,3.00E-05,200,278,1,0.2,0.85,0.15,0.25,0.01,0.01,0.01,0.04783896,0.985244444
Ni-MOF-74,2.88311,1.27053,1.71067,0,0,0.226578,0.3876,3.00E-05,200,278,1,0.2,0.85,0.15,0.25,0.01,0.01,0.02,0.047530067,0.983533333
Ni-MOF-74,2.88311,1.27053,1.71067,0,0,0.226578,0.3876,3.00E-05,200,278,1,0.2,0.85,0.15,0.3,0.01,0.01,0.005,0.039675705,0.988
Ni-MOF-74,2.88311,1.27053,1.71067,0,0,0.226578,0.3876,3.00E-05,200,278,1,0.2,0.85,0.15,0.3,0.01,0.01,0.01,0.039255186,0.984055556
Ni-MOF-74,2.88311,1.27053,1.71067,0,0,0.226578,0.3876,3.00E-05,200,278,1,0.2,0.85,0.15,0.3,0.01,0.01,0.02,0.039156549,0.982088889
ZIF-8,11.30885,3.43594,0.949262,0,0,0.662483,0.62887,2.00E-05,300,278,1,0.2,0.5,0.5,0.05,0.01,0.01,0.001,0.392213736,0.090146667
ZIF-8,11.30885,3.43594,0.949262,0,0,0.662483,0.62887,2.00E-05,300,278,1,0.2,0.5,0.5,0.05,0.01,0.01,0.005,0.75469029,0.362773333
ZIF-8,11.30885,3.43594,0.949262,0,0,0.662483,0.62887,2.00E-05,300,278,1,0.2,0.5,0.5,0.05,0.01,0.01,0.01,0.838174584,0.501216667
ZIF-8,11.30885,3.43594,0.949262,0,0,0.662483,0.62887,2.00E-05,300,278,1,0.2,0.5,0.5,0.1,0.01,0.01,0.001,0.413445789,0.188303333
ZIF-8,11.30885,3.43594,0.949262,0,0,0.662483,0.62887,2.00E-05,300,278,1,0.2,0.5,0.5,0.1,0.01,0.01,0.005,0.727126241,0.653413333
ZIF-8,11.30885,3.43594,0.949262,0,0,0.662483,0.62887,2.00E-05,300,278,1,0.2,0.5,0.5,0.1,0.01,0.01,0.01,0.77970389,0.832253333
ZIF-8,11.30885,3.43594,0.949262,0,0,0.662483,0.62887,2.00E-05,300,278,1,0.2,0.5,0.5,0.2,0.01,0.01,0.001,0.446167028,0.40444
ZIF-8,11.30885,3.43594,0.949262,0,0,0.662483,0.62887,2.00E-05,300,278,1,0.2,0.5,0.5,0.2,0.01,0.01,0.005,0.591847032,0.946223333
ZIF-8,11.30885,3.43594,0.949262,0,0,0.662483,0.62887,2.00E-05,300,278,1,0.2,0.5,0.5,0.2,0.01,0.01,0.01,0.580277986,0.97219
ZIF-8,11.30885,3.43594,0.949262,0,0,0.662483,0.62887,2.00E-05,300,278,1,0.2,0.7,0.3,0.05,0.01,0.01,0.001,0.222026478,0.091651667
ZIF-8,11.30885,3.43594,0.949262,0,0,0.662483,0.62887,2.00E-05,300,278,1,0.2,0.7,0.3,0.05,0.01,0.01,0.005,0.554895694,0.359315
ZIF-8,11.30885,3.43594,0.949262,0,0,0.662483,0.62887,2.00E-05,300,278,1,0.2,0.7,0.3,0.05,0.01,0.01,0.01,0.654635065,0.503994444
ZIF-8,11.30885,3.43594,0.949262,0,0,0.662483,0.62887,2.00E-05,300,278,1,0.2,0.7,0.3,0.1,0.01,0.01,0.001,0.234366422,0.18855
ZIF-8,11.30885,3.43594,0.949262,0,0,0.662483,0.62887,2.00E-05,300,278,1,0.2,0.7,0.3,0.1,0.01,0.01,0.005,0.522643949,0.628827778
ZIF-8,11.30885,3.43594,0.949262,0,0,0.662483,0.62887,2.00E-05,300,278,1,0.2,0.7,0.3,0.1,0.01,0.01,0.01,0.588989791,0.806405556
ZIF-8,11.30885,3.43594,0.949262,0,0,0.662483,0.62887,2.00E-05,300,278,1,0.2,0.7,0.3,0.2,0.01,0.01,0.001,0.257653537,0.414355556
ZIF-8,11.30885,3.43594,0.949262,0,0,0.662483,0.62887,2.00E-05,300,278,1,0.2,0.7,0.3,0.2,0.01,0.01,0.005,0.41144686,0.912061111
ZIF-8,11.30885,3.43594,0.949262,0,0,0.662483,0.62887,2.00E-05,300,278,1,0.2,0.7,0.3,0.2,0.01,0.01,0.01,0.416597612,0.960794444
ZIF-8,11.30885,3.43594,0.949262,0,0,0.662483,0.62887,2.00E-05,300,278,1,0.2,0.85,0.15,0.05,0.01,0.01,0.001,0.108484246,0.092206667
ZIF-8,11.30885,3.43594,0.949262,0,0,0.662483,0.62887,2.00E-05,300,278,1,0.2,0.85,0.15,0.05,0.01,0.01,0.005,0.333488475,0.356671111
ZIF-8,11.30885,3.43594,0.949262,0,0,0.662483,0.62887,2.00E-05,300,278,1,0.2,0.85,0.15,0.05,0.01,0.01,0.01,0.421004186,0.502102222
ZIF-8,11.30885,3.43594,0.949262,0,0,0.662483,0.62887,2.00E-05,300,278,1,0.2,0.85,0.15,0.1,0.01,0.01,0.001,0.114441435,0.187344444
ZIF-8,11.30885,3.43594,0.949262,0,0,0.662483,0.62887,2.00E-05,300,278,1,0.2,0.85,0.15,0.1,0.01,0.01,0.005,0.306823977,0.612351111
ZIF-8,11.30885,3.43594,0.949262,0,0,0.662483,0.62887,2.00E-05,300,278,1,0.2,0.85,0.15,0.1,0.01,0.01,0.01,0.364999632,0.78799
ZIF-8,11.30885,3.43594,0.949262,0,0,0.662483,0.62887,2.00E-05,300,278,1,0.2,0.85,0.15,0.2,0.01,0.01,0.001,0.127545389,0.418544444
ZIF-8,11.30885,3.43594,0.949262,0,0,0.662483,0.62887,2.00E-05,300,278,1,0.2,0.85,0.15,0.2,0.01,0.01,0.005,0.233250673,0.887196667
ZIF-8,11.30885,3.43594,0.949262,0,0,0.662483,0.62887,2.00E-05,300,278,1,0.2,0.85,0.15,0.2,0.01,0.01,0.01,0.24365866,0.95178
ZIF-8,11.30885,3.43594,0.949262,0,0,0.662483,0.62887,2.50E-05,200,278,1,0.2,0.5,0.5,0.05,0.01,0.01,0.001,0.326548223,0.0663
ZIF-8,11.30885,3.43594,0.949262,0,0,0.662483,0.62887,2.50E-05,200,278,1,0.2,0.5,0.5,0.05,0.01,0.01,0.005,0.708050287,0.294264
ZIF-8,11.30885,3.43594,0.949262,0,0,0.662483,0.62887,2.50E-05,200,278,1,0.2,0.5,0.5,0.05,0.01,0.01,0.01,0.817572505,0.4587468
ZIF-8,11.30885,3.43594,0.949262,0,0,0.662483,0.62887,2.50E-05,200,278,1,0.2,0.5,0.5,0.1,0.01,0.01,0.001,0.340467369,0.13464
ZIF-8,11.30885,3.43594,0.949262,0,0,0.662483,0.62887,2.50E-05,200,278,1,0.2,0.5,0.5,0.1,0.01,0.01,0.005,0.698015375,0.5458
ZIF-8,11.30885,3.43594,0.949262,0,0,0.662483,0.62887,2.50E-05,200,278,1,0.2,0.5,0.5,0.1,0.01,0.01,0.01,0.77222633,0.781144
ZIF-8,11.30885,3.43594,0.949262,0,0,0.662483,0.62887,2.50E-05,200,278,1,0.2,0.5,0.5,0.2,0.01,0.01,0.001,0.379761623,0.288672
ZIF-8,11.30885,3.43594,0.949262,0,0,0.662483,0.62887,2.50E-05,200,278,1,0.2,0.5,0.5,0.2,0.01,0.01,0.005,0.605850159,0.895764
ZIF-8,11.30885,3.43594,0.949262,0,0,0.662483,0.62887,2.50E-05,200,278,1,0.2,0.7,0.3,0.05,0.01,0.01,0.001,0.175089507,0.066933333
ZIF-8,11.30885,3.43594,0.949262,0,0,0.662483,0.62887,2.50E-05,200,278,1,0.2,0.7,0.3,0.05,0.01,0.01,0.005,0.509157017,0.297994667
ZIF-8,11.30885,3.43594,0.949262,0,0,0.662483,0.62887,2.50E-05,200,278,1,0.2,0.7,0.3,0.05,0.01,0.01,0.01,0.632282464,0.462996
ZIF-8,11.30885,3.43594,0.949262,0,0,0.662483,0.62887,2.50E-05,200,278,1,0.2,0.7,0.3,0.1,0.01,0.01,0.001,0.181694364,0.132513333
ZIF-8,11.30885,3.43594,0.949262,0,0,0.662483,0.62887,2.50E-05,200,278,1,0.2,0.7,0.3,0.1,0.01,0.01,0.005,0.488105944,0.528293333
ZIF-8,11.30885,3.43594,0.949262,0,0,0.662483,0.62887,2.50E-05,200,278,1,0.2,0.7,0.3,0.1,0.01,0.01,0.01,0.580333295,0.755982
ZIF-8,11.30885,3.43594,0.949262,0,0,0.662483,0.62887,2.50E-05,200,278,1,0.2,0.7,0.3,0.2,0.01,0.01,0.001,0.210229495,0.297473333
ZIF-8,11.30885,3.43594,0.949262,0,0,0.662483,0.62887,2.50E-05,200,278,1,0.2,0.7,0.3,0.2,0.01,0.01,0.005,0.411836274,0.85302
ZIF-8,11.30885,3.43594,0.949262,0,0,0.662483,0.62887,2.50E-05,200,278,1,0.2,0.7,0.3,0.2,0.01,0.01,0.01,0.422004117,0.948513333
ZIF-8,11.30885,3.43594,0.949262,0,0,0.662483,0.62887,2.50E-05,200,278,1,0.2,0.85,0.15,0.05,0.01,0.01,0.001,0.082643749,0.067313333
ZIF-8,11.30885,3.43594,0.949262,0,0,0.662483,0.62887,2.50E-05,200,278,1,0.2,0.85,0.15,0.05,0.01,0.01,0.005,0.296964419,0.297788
ZIF-8,11.30885,3.43594,0.949262,0,0,0.662483,0.62887,2.50E-05,200,278,1,0.2,0.85,0.15,0.05,0.01,0.01,0.01,0.402829704,0.465034667
ZIF-8,11.30885,3.43594,0.949262,0,0,0.662483,0.62887,2.50E-05,200,278,1,0.2,0.85,0.15,0.1,0.01,0.01,0.001,0.085612222,0.131653333
ZIF-8,11.30885,3.43594,0.949262,0,0,0.662483,0.62887,2.50E-05,200,278,1,0.2,0.85,0.15,0.1,0.01,0.01,0.005,0.278874024,0.518277333
ZIF-8,11.30885,3.43594,0.949262,0,0,0.662483,0.62887,2.50E-05,200,278,1,0.2,0.85,0.15,0.1,0.01,0.01,0.01,0.35444227,0.732554667
ZIF-8,11.30885,3.43594,0.949262,0,0,0.662483,0.62887,2.50E-05,200,278,1,0.2,0.85,0.15,0.2,0.01,0.01,0.001,0.100223427,0.30204
ZIF-8,11.30885,3.43594,0.949262,0,0,0.662483,0.62887,2.50E-05,200,278,1,0.2,0.85,0.15,0.2,0.01,0.01,0.005,0.228961935,0.825093333
ZIF-8,11.30885,3.43594,0.949262,0,0,0.662483,0.62887,2.50E-05,200,278,1,0.2,0.85,0.15,0.2,0.01,0.01,0.01,0.247222513,0.934569333
ZIF-8,11.30885,3.43594,0.949262,0,0,0.662483,0.62887,3.00E-05,200,278,1,0.2,0.5,0.5,0.05,0.01,0.01,0.001,0.328185592,0.05611
ZIF-8,11.30885,3.43594,0.949262,0,0,0.662483,0.62887,3.00E-05,200,278,1,0.2,0.5,0.5,0.05,0.01,0.01,0.005,0.711807759,0.25046
ZIF-8,11.30885,3.43594,0.949262,0,0,0.662483,0.62887,3.00E-05,200,278,1,0.2,0.5,0.5,0.05,0.01,0.01,0.01,0.821698724,0.390303333
ZIF-8,11.30885,3.43594,0.949262,0,0,0.662483,0.62887,3.00E-05,200,278,1,0.2,0.5,0.5,0.1,0.01,0.01,0.001,0.338473012,0.112553333
ZIF-8,11.30885,3.43594,0.949262,0,0,0.662483,0.62887,3.00E-05,200,278,1,0.2,0.5,0.5,0.1,0.01,0.01,0.005,0.69742736,0.45298
ZIF-8,11.30885,3.43594,0.949262,0,0,0.662483,0.62887,3.00E-05,200,278,1,0.2,0.5,0.5,0.1,0.01,0.01,0.01,0.79130674,0.680626667
ZIF-8,11.30885,3.43594,0.949262,0,0,0.662483,0.62887,3.00E-05,200,278,1,0.2,0.5,0.5,0.2,0.01,0.01,0.001,0.354673696,0.226953333
ZIF-8,11.30885,3.43594,0.949262,0,0,0.662483,0.62887,3.00E-05,200,278,1,0.2,0.5,0.5,0.2,0.01,0.01,0.005,0.640758577,0.80673
ZIF-8,11.30885,3.43594,0.949262,0,0,0.662483,0.62887,3.00E-05,200,278,1,0.2,0.5,0.5,0.2,0.01,0.01,0.01,0.645486171,0.943216667
ZIF-8,11.30885,3.43594,0.949262,0,0,0.662483,0.62887,3.00E-05,200,278,1,0.2,0.7,0.3,0.05,0.01,0.01,0.001,0.175421613,0.056377778
ZIF-8,11.30885,3.43594,0.949262,0,0,0.662483,0.62887,3.00E-05,200,278,1,0.2,0.7,0.3,0.05,0.01,0.01,0.005,0.51266309,0.253243889
ZIF-8,11.30885,3.43594,0.949262,0,0,0.662483,0.62887,3.00E-05,200,278,1,0.2,0.7,0.3,0.05,0.01,0.01,0.01,0.640238814,0.399395556
ZIF-8,11.30885,3.43594,0.949262,0,0,0.662483,0.62887,3.00E-05,200,278,1,0.2,0.7,0.3,0.1,0.01,0.01,0.001,0.181482215,0.111527778
ZIF-8,11.30885,3.43594,0.949262,0,0,0.662483,0.62887,3.00E-05,200,278,1,0.2,0.7,0.3,0.1,0.01,0.01,0.005,0.494716226,0.450461111
ZIF-8,11.30885,3.43594,0.949262,0,0,0.662483,0.62887,3.00E-05,200,278,1,0.2,0.7,0.3,0.1,0.01,0.01,0.01,0.59894467,0.664655556
ZIF-8,11.30885,3.43594,0.949262,0,0,0.662483,0.62887,3.00E-05,200,278,1,0.2,0.7,0.3,0.2,0.01,0.01,0.001,0.193087767,0.229277778
ZIF-8,11.30885,3.43594,0.949262,0,0,0.662483,0.62887,3.00E-05,200,278,1,0.2,0.7,0.3,0.2,0.01,0.01,0.005,0.438025683,0.762366667
ZIF-8,11.30885,3.43594,0.949262,0,0,0.662483,0.62887,3.00E-05,200,278,1,0.2,0.7,0.3,0.2,0.01,0.01,0.01,0.471554633,0.917061111
ZIF-8,11.30885,3.43594,0.949262,0,0,0.662483,0.62887,3.00E-05,200,278,1,0.2,0.85,0.15,0.05,0.01,0.01,0.001,0.082919187,0.056746667
ZIF-8,11.30885,3.43594,0.949262,0,0,0.662483,0.62887,3.00E-05,200,278,1,0.2,0.85,0.15,0.05,0.01,0.01,0.005,0.301290677,0.255508889
ZIF-8,11.30885,3.43594,0.949262,0,0,0.662483,0.62887,3.00E-05,200,278,1,0.2,0.85,0.15,0.05,0.01,0.01,0.01,0.410991342,0.403055556
ZIF-8,11.30885,3.43594,0.949262,0,0,0.662483,0.62887,3.00E-05,200,278,1,0.2,0.85,0.15,0.1,0.01,0.01,0.001,0.085131781,0.110144444
ZIF-8,11.30885,3.43594,0.949262,0,0,0.662483,0.62887,3.00E-05,200,278,1,0.2,0.85,0.15,0.1,0.01,0.01,0.005,0.285893317,0.448651111
ZIF-8,11.30885,3.43594,0.949262,0,0,0.662483,0.62887,3.00E-05,200,278,1,0.2,0.85,0.15,0.1,0.01,0.01,0.01,0.372335033,0.65695
ZIF-8,11.30885,3.43594,0.949262,0,0,0.662483,0.62887,3.00E-05,200,278,1,0.2,0.85,0.15,0.2,0.01,0.01,0.001,0.092160176,0.230888889
ZIF-8,11.30885,3.43594,0.949262,0,0,0.662483,0.62887,3.00E-05,200,278,1,0.2,0.85,0.15,0.2,0.01,0.01,0.005,0.244728328,0.735422222
ZIF-8,11.30885,3.43594,0.949262,0,0,0.662483,0.62887,3.00E-05,200,278,1,0.2,0.85,0.15,0.2,0.01,0.01,0.01,0.278778692,0.896898889
Mg-MOF-74,11.86103,11.05441,0.880186,1475.45,1676.29,0.750625,0.66069,1.50E-05,200,278,1,0.2,0.5,0.5,0.1,0.01,0.01,0.05,0.262987814,0.98038
Mg-MOF-74,11.86103,11.05441,0.880186,1475.45,1676.29,0.750625,0.66069,1.50E-05,200,278,1,0.2,0.5,0.5,0.1,0.01,0.01,0.075,0.263684804,0.980153333
Mg-MOF-74,11.86103,11.05441,0.880186,1475.45,1676.29,0.750625,0.66069,1.50E-05,200,278,1,0.2,0.5,0.5,0.1,0.01,0.01,0.1,0.263776334,0.979946667
Mg-MOF-74,11.86103,11.05441,0.880186,1475.45,1676.29,0.750625,0.66069,1.50E-05,200,278,1,0.2,0.5,0.5,0.15,0.01,0.01,0.05,0.185153831,0.9842
Mg-MOF-74,11.86103,11.05441,0.880186,1475.45,1676.29,0.750625,0.66069,1.50E-05,200,278,1,0.2,0.5,0.5,0.15,0.01,0.01,0.075,0.185505849,0.974746667
Mg-MOF-74,11.86103,11.05441,0.880186,1475.45,1676.29,0.750625,0.66069,1.50E-05,200,278,1,0.2,0.5,0.5,0.15,0.01,0.01,0.1,0.185066877,0.98376
Mg-MOF-74,11.86103,11.05441,0.880186,1475.45,1676.29,0.750625,0.66069,1.50E-05,200,278,1,0.2,0.5,0.5,0.2,0.01,0.01,0.05,0.141289278,0.971533333
Mg-MOF-74,11.86103,11.05441,0.880186,1475.45,1676.29,0.750625,0.66069,1.50E-05,200,278,1,0.2,0.5,0.5,0.2,0.01,0.01,0.075,0.141751674,0.970866667
Mg-MOF-74,11.86103,11.05441,0.880186,1475.45,1676.29,0.750625,0.66069,1.50E-05,200,278,1,0.2,0.5,0.5,0.2,0.01,0.01,0.1,0.142172416,0.9828
Mg-MOF-74,11.86103,11.05441,0.880186,1475.45,1676.29,0.750625,0.66069,1.50E-05,200,278,1,0.2,0.7,0.3,0.1,0.01,0.01,0.05,0.172758214,0.984155556
Mg-MOF-74,11.86103,11.05441,0.880186,1475.45,1676.29,0.750625,0.66069,1.50E-05,200,278,1,0.2,0.7,0.3,0.1,0.01,0.01,0.075,0.17274185,0.983922222
Mg-MOF-74,11.86103,11.05441,0.880186,1475.45,1676.29,0.750625,0.66069,1.50E-05,200,278,1,0.2,0.7,0.3,0.1,0.01,0.01,0.1,0.172753612,0.983822222
Mg-MOF-74,11.86103,11.05441,0.880186,1475.45,1676.29,0.750625,0.66069,1.50E-05,200,278,1,0.2,0.7,0.3,0.15,0.01,0.01,0.05,0.119506864,0.980455556
Mg-MOF-74,11.86103,11.05441,0.880186,1475.45,1676.29,0.750625,0.66069,1.50E-05,200,278,1,0.2,0.7,0.3,0.15,0.01,0.01,0.075,0.119514928,0.980177778
Mg-MOF-74,11.86103,11.05441,0.880186,1475.45,1676.29,0.750625,0.66069,1.50E-05,200,278,1,0.2,0.7,0.3,0.15,0.01,0.01,0.1,0.119583564,0.980044444
Mg-MOF-74,11.86103,11.05441,0.880186,1475.45,1676.29,0.750625,0.66069,1.50E-05,200,278,1,0.2,0.7,0.3,0.2,0.01,0.01,0.05,0.090485367,0.977144444
Mg-MOF-74,11.86103,11.05441,0.880186,1475.45,1676.29,0.750625,0.66069,1.50E-05,200,278,1,0.2,0.7,0.3,0.2,0.01,0.01,0.075,0.090477764,0.976788889
Mg-MOF-74,11.86103,11.05441,0.880186,1475.45,1676.29,0.750625,0.66069,1.50E-05,200,278,1,0.2,0.7,0.3,0.2,0.01,0.01,0.1,0.090429297,0.976644444
Mg-MOF-74,11.86103,11.05441,0.880186,1475.45,1676.29,0.750625,0.66069,1.50E-05,200,278,1,0.2,0.85,0.15,0.1,0.01,0.01,0.05,0.094476361,0.988155556
Mg-MOF-74,11.86103,11.05441,0.880186,1475.45,1676.29,0.750625,0.66069,1.50E-05,200,278,1,0.2,0.85,0.15,0.1,0.01,0.01,0.1,0.094372624,0.9868
Mg-MOF-74,11.86103,11.05441,0.880186,1475.45,1676.29,0.750625,0.66069,1.50E-05,200,278,1,0.2,0.85,0.15,0.15,0.01,0.01,0.05,0.064189028,0.9854
Mg-MOF-74,11.86103,11.05441,0.880186,1475.45,1676.29,0.750625,0.66069,1.50E-05,200,278,1,0.2,0.85,0.15,0.15,0.01,0.01,0.075,0.063952438,0.983422222
Mg-MOF-74,11.86103,11.05441,0.880186,1475.45,1676.29,0.750625,0.66069,1.50E-05,200,278,1,0.2,0.85,0.15,0.15,0.01,0.01,0.1,0.063964489,0.9834
Mg-MOF-74,11.86103,11.05441,0.880186,1475.45,1676.29,0.750625,0.66069,1.50E-05,200,278,1,0.2,0.85,0.15,0.2,0.01,0.01,0.05,0.047932085,0.980288889
Mg-MOF-74,11.86103,11.05441,0.880186,1475.45,1676.29,0.750625,0.66069,1.50E-05,200,278,1,0.2,0.85,0.15,0.2,0.01,0.01,0.075,0.047984248,0.980222222
Mg-MOF-74,11.86103,11.05441,0.880186,1475.45,1676.29,0.750625,0.66069,1.50E-05,200,278,1,0.2,0.85,0.15,0.2,0.01,0.01,0.1,0.047921184,0.980177778
